wavelength_um,R_res32,T_res32,A_res32,dR_vs_res50_res32,R_res50,T_res50,A_res50,dR_vs_res50_res50
5.0,0.8419572480352392,6.002055513926049e-16,0.1580427519647602,0.0015887610790659146,0.8403684869561733,1.490014496334072e-16,0.15963151304382658,0.0
5.016722408026756,0.8427197057726704,5.896335303454533e-16,0.157280294227329,0.0015897388066150597,0.8411299669660554,2.795603800013297e-16,0.15887003303394437,0.0
5.033557046979866,0.8434802087897091,5.784808332921583e-16,0.15651979121029033,0.0015922102625628431,0.8418879985271462,3.814833755415827e-16,0.15811200147285337,0.0
5.05050505050505,0.8442385754498183,5.667694057390596e-16,0.15576142455018116,0.001595673667946218,0.8426429017818721,4.556035835313549e-16,0.1573570982181275,0.0
5.0675675675675675,0.8449946145319459,5.545227861246341e-16,0.15500538546805354,0.0015996713814339092,0.843394943150512,5.046295756315456e-16,0.1566050568494875,0.0
5.084745762711865,0.8457481518608793,5.417663972992515e-16,0.15425184813912018,0.001603798319142813,0.8441443535417364,5.323785241978037e-16,0.15585564645826303,0.0
5.1020408163265305,0.8464990465906015,5.285277110285737e-16,0.15350095340939798,0.0016077064636307314,0.8448913401269708,5.431266105197231e-16,0.1551086598730287,0.0
5.1194539249146755,0.8472471998323945,5.148363024152143e-16,0.15275280016760498,0.0016111063205542786,0.8456360935118402,5.411072624084112e-16,0.15436390648815926,0.0
5.136986301369864,0.8479925577346977,5.007238119145578e-16,0.15200744226530177,0.0016137660383178654,0.8463787916963799,5.301624668301208e-16,0.1536212083036196,0.0
5.154639175257731,0.8487351106506422,4.8622383255648465e-16,0.15126488934935728,0.0016155087850575622,0.8471196018655847,5.135349793086247e-16,0.1528803981344148,0.0
5.172413793103448,0.8494748896589162,4.713717393298472e-16,0.15052511034108337,0.001616208876125791,0.8478586807827904,4.937788037197852e-16,0.15214131921720914,0.0
5.190311418685121,0.8502119614107905,4.562044764795454e-16,0.14978803858920908,0.0016157870596698043,0.8485961743511207,4.727605497459168e-16,0.15140382564887886,0.0
5.208333333333333,0.8509464220397652,4.407603169646944e-16,0.14905357796023433,0.0016142052874712487,0.849332216752294,4.517237859394628e-16,0.15066778324770558,0.0
5.2264808362369335,0.8516783906857152,4.2507860651822745e-16,0.14832160931428442,0.001611461241724954,0.8500669294439902,4.31390945722142e-16,0.14993307055600935,0.0
5.244755244755245,0.8524080030347573,4.0919950285326534e-16,0.1475919969652423,0.0016075828242760881,0.8508004202104812,4.120815258952599e-16,0.1491995797895184,0.0
5.2631578947368425,0.8531354051629372,3.931637186346416e-16,0.14686459483706243,0.0016026227754960543,0.8515327823874411,3.938302760331825e-16,0.1484672176125585,0.0
5.28169014084507,0.8538607478762005,3.7701227495490065e-16,0.14613925212379913,0.0015966535442790697,0.8522640943319214,3.7649408410336796e-16,0.1477359056680782,0.0
5.30035335689046,0.8545841816709203,3.607862702733078e-16,0.14541581832907932,0.001589762503208858,0.8529944191677115,3.598408189927467e-16,0.14700558083228818,0.0
5.319148936170213,0.8553058523804636,3.4452666818330585e-16,0.14469414761953603,0.0015820475667345235,0.8537238048137291,3.4361719632207173e-16,0.14627619518627055,0.0
5.338078291814946,0.8560258975335235,3.2827410594192103e-16,0.14397410246647613,0.0015736132549900583,0.8544522842785335,3.27595656722722e-16,0.1455477157214662,0.0
5.357142857142858,0.8567444434174765,3.1206872449564695e-16,0.14325555658252323,0.0015645672211684891,0.855179876196308,3.11602277788877e-16,0.14482012380369172,0.0
5.376344086021505,0.8574616028176,2.959500197381934e-16,0.14253839718239972,0.00155501724807372,0.8559065855695263,2.9552896056420203e-16,0.14409341443047344,0.0
5.395683453237409,0.858177473385945,2.7995671395007176e-16,0.14182252661405476,0.0015450687055187373,0.8566324046804262,2.7933366958751827e-16,0.1433675953195735,0.0
5.415162454873646,0.8588921365842005,2.641266458065236e-16,0.14110786341579923,0.0015348224514870612,0.8573573141327134,2.63032517031079e-16,0.14264268586728632,0.0
5.434782608695652,0.8596056571384101,2.484966769290493e-16,0.14039434286158967,0.001524373152806846,0.8580812839856032,2.4668712364495715e-16,0.1419187160143965,0.0
5.454545454545454,0.8603180829401208,2.3310261274987456e-16,0.13968191705987898,0.0015138079961524165,0.8588042749439684,2.303901066043402e-16,0.1411957250560314,0.0
5.474452554744525,0.861029445328844,2.1797913536197107e-16,0.13897055467115582,0.0015032057552136768,0.8595262395736303,2.142508593606385e-16,0.1404737604263695,0.0
5.4945054945054945,0.8617397596918369,2.031597460810169e-16,0.1382602403081629,0.0014926361804342703,0.8602471235114026,1.9838309685290646e-16,0.13975287648859716,0.0
5.514705882352941,0.8624490263211516,1.8867671557158708e-16,0.1375509736788482,0.0014821596737081277,0.8609668666474435,1.8289500912264836e-16,0.13903313335255632,0.0
5.535055350553505,0.8631572314703312,1.7456103960104583e-16,0.13684276852966865,0.001471827212528698,0.8616854042578025,1.6788233991995135e-16,0.13831459574219734,0.0
5.555555555555555,0.863864348560634,1.6084239874990968e-16,0.13613565143936585,0.001461680488370476,0.8624026680722635,1.5342430478156562e-16,0.13759733192773632,0.0
5.5762081784386615,0.8645703394885492,1.4754912069034636e-16,0.13542966051145064,0.0014517522244134051,0.8631185872641358,1.3958198815973227e-16,0.13688141273586404,0.0
5.597014925373134,0.8652751559937388,1.3470814395539817e-16,0.13472484400626103,0.0014420666399734827,0.8638330893537653,1.2639870163685964e-16,0.1361669106462345,0.0
5.617977528089888,0.8659787410516944,1.223449824239301e-16,0.13402125894830552,0.0014326400322304256,0.8645461010194639,1.1390172692401183e-16,0.13545389898053595,0.0
5.639097744360902,0.8666810302591584,1.1048369003526076e-16,0.13331896974084145,0.0014234814457194656,0.865257548813439,1.0210488579906309e-16,0.13474245118656092,0.0
5.660377358490566,0.8673819531870092,9.914682551560209e-17,0.13261804681299072,0.0014145934051031928,0.865967359781906,9.101145091020928e-17,0.13403264021809394,0.0
5.6818181818181825,0.8680814346784066,8.835541713375157e-17,0.13191856532159332,0.0014059726869813938,0.8666754619914252,8.061701435790562e-17,0.13332453800857472,0.0
5.703422053231939,0.8687793960753717,7.812892770667527e-17,0.13122060392462823,0.00139761111103065,0.867381784964341,7.091204609162696e-17,0.13261821503565888,0.0
5.7251908396946565,0.8694757563601365,6.848522023400333e-17,0.13052424363986342,0.0013894963318382691,0.8680862600282983,6.18839862898281e-17,0.1319137399717017,0.0
5.74712643678161,0.8701704332016791,5.944052466918493e-17,0.12982956679832086,0.0013816126159154063,0.8687888205857637,5.351881420658421e-17,0.13121117941423627,0.0
5.769230769230769,0.8708633439007012,5.100940641554888e-17,0.12913665609929875,0.0013739415912730202,0.8694894023094282,4.5802113796036636e-17,0.13051059769057177,0.0
5.7915057915057915,0.8715544062290602,4.3204737186608293e-17,0.12844559377093973,0.0013664629577069265,0.8701879432713533,3.871971082229885e-17,0.12981205672864668,0.0
5.813953488372094,0.8722435391625684,3.6037668883990037e-17,0.1277564608374316,0.0013591551501421772,0.8708843840124262,3.22579872206044e-17,0.1291156159875738,0.0
5.836575875486381,0.8729306635075322,2.951761113162488e-17,0.12706933649246774,0.0013519959475428722,0.8715786675599894,2.6403988582904658e-17,0.1284213324400106,0.0
5.859375,0.8736157024235743,2.3652213064519204e-17,0.12638429757642564,0.001344963022835155,0.8722707394007392,2.1145433695559826e-17,0.1277292605992608,0.0
5.882352941176471,0.8742985818468288,1.844734990968261e-17,0.12570141815317112,0.0013380344307279968,0.8729605474161009,1.647071575670609e-17,0.12703945258389912,0.0
5.905511811023622,0.8749792308185496,1.3907114819238513e-17,0.12502076918145041,0.0013311890317072583,0.8736480417868423,1.2368958125654478e-17,0.1263519582131577,0.0
5.928853754940712,0.8756575817250185,1.0033816326957597e-17,0.12434241827498148,0.0013244068517309637,0.8743331748732875,8.830157780801869e-18,0.12566682512671246,0.0
5.952380952380953,0.8763335704559426,6.82798170411046e-18,0.12366642954405738,0.0013176693787133598,0.8750159010772293,5.8454210016445796e-18,0.12498409892277074,0.0
5.9760956175298805,0.8770071364883454,4.288366390960444e-18,0.12299286351165462,0.00131095979765683,0.8756961766906886,3.4072711876380033e-18,0.12430382330931145,0.0
5.999999999999999,0.8776782229037463,2.41196958242219e-18,0.12232177709625369,0.001304263167022368,0.8763739597367239,1.509990248390797e-18,0.12362604026327606,0.0
6.024096385542169,0.8783467763462037,1.1940559516288223e-18,0.12165322365379627,0.001297566539731676,0.877049209806472,1.4994375066428664e-19,0.12295079019352795,0.0
6.048387096774194,0.8790127469293553,6.281834070464749e-19,0.12098725307064473,0.0012908590330815706,0.8777218878962737,-6.741637948459555e-19,0.1222781121037263,0.0
6.072874493927125,0.8796760880998643,7.062366992776651e-19,0.1203239119001357,0.001284131851652881,0.8783919562482114,-9.611540006651051e-19,0.12160804375178857,0.0
6.097560975609757,0.8803367564647944,1.4184666239026364e-18,0.11966324353520563,0.0012773782679376122,0.8790593781968568,-7.074015587747344e-19,0.12094062180314324,0.0
6.122448979591836,0.8809947115902625,2.7535345085366603e-18,0.11900528840973745,0.0012705935658090528,0.8797241180244535,9.294870377048693e-20,0.1202758819755465,0.0
6.147540983606556,0.8816499157779231,4.69856162533649e-18,0.11835008422207693,0.0012637749514731178,0.88038614082645,1.4475624853922471e-18,0.11961385917355005,0.0
6.17283950617284,0.8823023338258409,7.239183135418365e-18,0.1176976661741591,0.0012569214370550252,0.8810454123887859,3.365299236217807e-18,0.11895458761121414,0.0
6.198347107438017,0.8829519327795339,1.0359606148188694e-17,0.11704806722046611,0.0012500337015438623,0.88170189907799,5.855419261433437e-18,0.11829810092200999,0.0
6.224066390041493,0.8835986816786021,1.4042671466139663e-17,0.11640131832139787,0.001243113933859119,0.882355567744743,8.926650546096533e-18,0.11764443225525699,0.0
6.25,0.8842425513038178,1.8269918583444107e-17,0.1157574486961822,0.001236165662505062,0.8830063856413127,1.2586162690985178e-17,0.11699361435868726,0.0
6.276150627615063,0.8848835139288971,2.3021653513080277e-17,0.11511648607110289,0.0012291935758927952,0.8836543203530043,1.683850318706419e-17,0.1163456796469957,0.0
6.302521008403361,0.8855215430808608,2.827701903153826e-17,0.11447845691913913,0.0012222033374430508,0.8842993397434178,2.1684555019899785e-17,0.11570066025658218,0.0
6.329113924050633,0.8861566133121191,3.401406695099963e-17,0.11384338668788083,0.0012152013989203958,0.8849414119131987,2.7120574250292217e-17,0.11505858808680122,0.0
6.3559322033898304,0.8867886999870307,4.0209832054010816e-17,0.11321130001296927,0.0012081948152062871,0.8855805051718244,3.313736202906507e-17,0.11441949482817557,0.0
6.382978723404255,0.887417779085184,4.684040735515164e-17,0.11258222091481591,0.0012011910635477685,0.8862165880216363,3.9719617980311566e-17,0.11378341197836368,0.0
6.410256410256411,0.8880438270230921,5.3881020385073436e-17,0.1119561729769078,0.0011941978696211608,0.886849629153471,4.684551171995947e-17,0.11315037084652897,0.0
6.437768240343348,0.8886668204956507,6.130611022442064e-17,0.11133317950434923,0.0011872230427256714,0.887479597452925,5.4486497272310455e-17,0.1125204025470749,0.0
6.46551724137931,0.8892867363381968,6.908940504691639e-17,0.11071326366180316,0.0011802743218748413,0.8881064620163219,6.260738216228061e-17,0.111893537983678,0.0
6.4935064935064934,0.889903551409693,7.720399996097941e-17,0.1100964485903069,0.0011733592342880739,0.8887301921754049,7.116664984155122e-17,0.11126980782459499,0.0
6.521739130434783,0.8905172424971218,8.562243496747006e-17,0.10948275750287809,0.0011664849674245525,0.8893507575296973,8.011702163393499e-17,0.11064924247030264,0.0
6.550218340611353,0.8911277862410402,9.431677287608176e-17,0.10887221375895974,0.0011596582555229995,0.8899681279855172,8.940623323536212e-17,0.11003187201448275,0.0
6.578947368421053,0.8917351590816561,1.0325867704425482e-16,0.10826484091834378,0.0011528852811210077,0.8905822738005351,9.897799151450305e-17,0.10941772619946478,0.0
6.607929515418503,0.8923393372249312,1.124194888201146e-16,0.1076606627750687,0.0011461715920173532,0.8911931656329138,1.0877307031487488e-16,0.10880683436708605,0.0
6.6371681415929205,0.8929402966276586,1.2177030458418878e-16,0.10705970337234126,0.0011395220337335754,0.891800774593925,1.1873049937669782e-16,0.10819922540607484,0.0
6.666666666666667,0.8935380130004841,1.3128205229391318e-16,0.1064619869995158,0.0011329406973257239,0.8924050723031584,1.2878879843692898e-16,0.10759492769684152,0.0
6.696428571428572,0.894132461827644,1.4092556743945617e-16,0.10586753817235581,0.0011264308823741853,0.8930060309452699,1.3888720894093376e-16,0.10699396905472999,0.0
6.726457399103139,0.8947236184020508,1.5067166832143786e-16,0.10527638159794901,0.0011199950745979237,0.8936036233274529,1.4896687839325962e-16,0.10639637667254694,0.0
6.756756756756757,0.8953114578742853,1.604912305577344e-16,0.10468854212571449,0.001113634937554786,0.8941978229367306,1.5897195687097204e-16,0.10580217706326929,0.0
6.787330316742082,0.8958959553140066,1.703552607218743e-16,0.10410404468599327,0.0011073513176891314,0.8947886039963174,1.6885057122833925e-16,0.1052113960036824,0.0
6.818181818181818,0.8964770857822014,1.8023496900711601e-16,0.1035229142177984,0.0011011442619424106,0.895375941520259,1.7855564960046427e-16,0.10462405847974081,0.0
6.849315068493151,0.8970548244126989,1.9010184080075166e-16,0.1029451755873009,0.0010950130469218333,0.8959598113657771,1.8804557651457364e-16,0.10404018863422274,0.0
6.880733944954129,0.8976291465014294,1.9992770704169257e-16,0.10237085349857036,0.0010889562188139967,0.8965401902826154,1.9728466680051792e-16,0.10345980971738436,0.0
6.912442396313364,0.8982000276017481,2.0968481322279137e-16,0.10179997239825168,0.0010829716428276681,0.8971170559589204,2.0624345415321357e-16,0.10288294404107935,0.0
6.944444444444445,0.8987674436243913,2.1934588688745489e-16,0.10123255637560846,0.0010770565612097105,0.8976903870631816,2.148987972878169e-16,0.10230961293681819,0.0
6.9767441860465125,0.8993313709404928,2.288842034590038e-16,0.10066862905950702,0.001071207658712492,0.8982601632817803,2.2323381286296524e-16,0.10173983671821951,0.0
7.009345794392524,0.8998917864862284,2.3827365023112767e-16,0.1001082135137714,0.0010654211342840947,0.8988263653519443,2.312376495229479e-16,0.1011736346480555,0.0
7.04225352112676,0.9004486678676629,2.4748878833988007e-16,0.09955133213233688,0.0010596927779995546,0.8993889750896633,2.3890512140257986e-16,0.10061102491033645,0.0
7.075471698113208,0.9010019934644788,2.5650491253141523e-16,0.0989980065355209,0.0010540180519106324,0.8999479754125682,2.462362222043185e-16,0.10005202458743154,0.0
7.109004739336493,0.9015517425313191,2.652981085366211e-16,0.09844825746868065,0.0010483921738415614,0.9005033503574775,2.532355425236405e-16,0.09949664964252222,0.0
7.142857142857142,0.9020978952955188,2.738453078632195e-16,0.09790210470448096,0.0010428102028392505,0.9010550850926795,2.5991161355809694e-16,0.09894491490732023,0.0
7.177033492822968,0.902640433050136,2.8212433981893255e-16,0.09735956694986375,0.0010372671252998344,0.9016031659248361,2.662761998300676e-16,0.0983968340751636,0.0
7.211538461538462,0.9031793382412151,2.9011398058496804e-16,0.0968206617587846,0.0010317579405655364,0.9021475803006496,2.7234356226259295e-16,0.09785241969935016,0.0
7.246376811594202,0.9037145945483602,2.977939991689763e-16,0.09628540545163948,0.0010262777450325,0.9026883168033277,2.781297110723206e-16,0.097311683196672,0.0
7.281553398058254,0.9042461869577062,3.0514520007858057e-16,0.0957538130422935,0.0010208218136456004,0.9032253651440606,2.836516656908053e-16,0.09677463485593912,0.0
7.317073170731708,0.9047741018265649,3.1214946257279535e-16,0.09522589817343477,0.0010153856778770676,0.9037587161486879,2.8892673649342585e-16,0.09624128385131185,0.0
7.352941176470588,0.905298326938981,3.1878977636650207e-16,0.09470167306101863,0.0010099651991485326,0.9042883617398325,2.939718406833357e-16,0.0957116382601672,0.0
7.389162561576355,0.9058188515516816,3.2505027368428865e-16,0.09418114844831806,0.0010045566369285552,0.9048142949147531,2.9880286239492567e-16,0.09518570508524662,0.0
7.425742574257426,0.9063356664298411,3.309162575831219e-16,0.09366433357015858,0.0009991567105197552,0.9053365097193213,3.0343406505620165e-16,0.09466349028067836,0.0
7.462686567164178,0.9068487638723064,3.3637422648710916e-16,0.09315123612769327,0.0009937626538989441,0.9058550012184075,3.0787756235516167e-16,0.09414499878159224,0.0
7.5,0.9073581377259262,3.414118949040003e-16,0.09264186227407344,0.000988372262789028,0.9063697654631372,3.121428528142634e-16,0.0936302345368625,0.0
7.537688442211056,0.9078637833888142,3.460182103186701e-16,0.09213621661118541,0.0009829839334150048,0.9068807994553992,3.1623642198102807e-16,0.09311920054460045,0.0
7.575757575757575,0.9083656978023856,3.5018336628493297e-16,0.09163430219761402,0.000977596692289584,0.907388101110096,3.201614155389233e-16,0.09261189888990363,0.0
7.614213197969543,0.9088638794321986,3.5389881176285747e-16,0.09113612056780104,0.0009722102166557223,0.9078916692155429,3.239173861591831e-16,0.09210833078445681,0.0
7.653061224489797,0.9093583282376595,3.5715725677254873e-16,0.09064167176234014,0.0009668248450998007,0.9083915033925597,3.2750011655345435e-16,0.09160849660743997,0.0
7.692307692307692,0.9098490456308127,3.5995267445829343e-16,0.09015095436918694,0.000961441578099298,0.9088876040527134,3.30901520848039e-16,0.09111239594728626,0.0
7.731958762886598,0.9103360344244978,3.6228029967731017e-16,0.0896639655755018,0.00095606206827481,0.909379972356223,3.34109625982664e-16,0.09062002764377663,0.0
7.772020725388602,0.9108192987702947,3.641366242447416e-16,0.08918070122970498,0.0009506886002647041,0.90986861017003,3.3710863425157065e-16,0.09013138982996971,0.0
7.8125,0.9112988440867843,3.655193889816631e-16,0.08870115591321534,0.0009453240602258495,0.9103535200265584,3.3987906728689656e-16,0.08964647997344122,0.0
7.853403141361257,0.9117746769787238,3.664275727237486e-16,0.08822532302127581,0.0009399718950445779,0.9108347050836793,3.4239799069615394e-16,0.0891652949163204,0.0
7.894736842105265,0.9122468051478984,3.6686137845640023e-16,0.08775319485210129,0.0009346360615578586,0.9113121690863405,3.4463931720533766e-16,0.08868783091365916,0.0
7.936507936507937,0.9127152372964595,3.668222167455046e-16,0.0872847627035401,0.0009293209660259372,0.9117859163304336,3.4657418455671777e-16,0.08821408366956605,0.0
7.9787234042553195,0.9131799830237195,3.663126866342437e-16,0.08682001697628014,0.0009240313944102185,0.9122559516293093,3.4817140263802713e-16,0.08774404837069037,0.0
8.02139037433155,0.9136410527174371,3.653365541719168e-16,0.08635894728256252,0.0009187724339724257,0.9127222802834647,3.4939796247262124e-16,0.08727771971653496,0.0
8.064516129032258,0.9140984574407294,3.638987287347055e-16,0.08590154255927027,0.0009135493868909217,0.9131849080538385,3.502195979043894e-16,0.0868150919461612,0.0
8.108108108108109,0.9145522088158712,3.620052372876779e-16,0.08544779118412846,0.0009083676767517312,0.9136438411391195,3.506013892038538e-16,0.0863561588608802,0.0
8.152173913043478,0.9150023189062999,3.5966319672466394e-16,0.08499768109369973,0.0009032327487664693,0.9140990861575334,3.5050839654434037e-16,0.08590091384246622,0.0
8.19672131147541,0.9154488000982476,3.568807844071862e-16,0.08455119990175206,0.0008981499648542668,0.9145506501333933,3.499063104807495e-16,0.08544934986660634,0.0
8.241758241758243,0.9158916649834831,3.536672070066377e-16,0.08410833501651659,0.0008931244946679406,0.9149985404888151,3.4876210631718855e-16,0.08500145951118453,0.0
8.287292817679559,0.9163309262447553,3.500326677354138e-16,0.08366907375524434,0.0008881612038994513,0.9154427650408559,3.4704468964729956e-16,0.08455723495914379,0.0
8.333333333333334,0.9167665965455394,3.459883320341818e-16,0.08323340345446027,0.0008832645412166773,0.9158833320043227,3.447255214176691e-16,0.08411666799567695,0.0
8.379888268156426,0.9171986884257691,3.4154629176367637e-16,0.08280131157423053,0.0008784384253367472,0.9163202500004324,3.417792125758095e-16,0.08367974999956727,0.0
8.426966292134832,0.9176272142052841,3.367195279319736e-16,0.08237278579471552,0.0008736861338290991,0.916753528071455,3.3818408063064017e-16,0.08324647192854462,0.0
8.474576271186441,0.9180521858967401,3.315218719724555e-16,0.08194781410325958,0.0008690101953496843,0.9171831757013904,3.3392266313150423e-16,0.08281682429860926,0.0
8.522727272727273,0.9184736151297107,3.2596796557422435e-16,0.08152638487028897,0.0008644122870510307,0.9176092028426597,3.2898218596299734e-16,0.08239079715733999,0.0
8.571428571428571,0.9188915130878071,3.2007321905681853e-16,0.08110848691219254,0.000859893139093959,0.9180316199487132,3.233549872108853e-16,0.0819683800512865,0.0
8.620689655172415,0.9193058904604553,3.1385376827459305e-16,0.08069410953954438,0.000855452448110916,0.9184504380123444,3.1703889991111443e-16,0.0815495619876553,0.0
8.670520231213874,0.9197167574111569,3.073264300346286e-16,0.08028324258884281,0.0008510888017192464,0.9188656686094376,3.100375989637897e-16,0.08113433139056206,0.0
8.720930232558139,0.9201241235637582,3.005086560144375e-16,0.07987587643624153,0.0008467996160064217,0.9192773239477517,3.0236091861101994e-16,0.08072267605224795,0.0
8.771929824561404,0.9205279980083982,2.9341848517453303e-16,0.07947200199160147,0.0008425810881720341,0.9196854169202262,2.9402514691148817e-16,0.0803145830797735,0.0
8.823529411764707,0.9209283893285068,2.8607449467368647e-16,0.07907161067149286,0.0008384281663419424,0.9200899611621649,2.8505330242797756e-16,0.0799100388378348,0.0
8.875739644970414,0.9213253056502387,2.7849574931377e-16,0.07867469434976099,0.0008343345386244705,0.9204909711116143,2.7547539580078625e-16,0.07950902888838546,0.0
8.928571428571429,0.9217187547154975,2.7070174956473596e-16,0.07828124528450225,0.000830292643500985,0.9208884620719965,2.653286750336387e-16,0.07911153792800325,0.0
8.982035928143713,0.922108743979484,2.627123782484693e-16,0.07789125602051579,0.0008262937034589912,0.921282450276025,2.54657848320622e-16,0.0787175497239748,0.0
9.036144578313253,0.9224952807335709,2.545478459932081e-16,0.07750471926642885,0.0008223277837482446,0.9216729529498227,2.4351527236097404e-16,0.0783270470501771,0.0
9.090909090909092,0.9228783722539131,2.4622863560541885e-16,0.07712162774608664,0.0008183838780327912,0.9220599883758803,2.31961087735636e-16,0.07794001162411944,0.0
9.146341463414634,0.9232580259760164,2.377754455442863e-16,0.0767419740239834,0.0008144500223846718,0.9224435759536317,2.200632765463976e-16,0.07755642404636809,0.0
9.202453987730062,0.9236342496950383,2.2920913272305204e-16,0.0763657503049615,0.0008105134390151703,0.9228237362560231,2.078976117128222e-16,0.0771762637439767,0.0
9.259259259259261,0.9240070517912461,2.2055065489977738e-16,0.07599294820875369,0.0008065607106783057,0.9232004910805678,1.9554746268539339e-16,0.07679950891943202,0.0
9.316770186335404,0.9243764414796383,2.118210129573986e-16,0.07562355852036153,0.0008025779864456739,0.9235738634931926,1.8310341945181132e-16,0.07642613650680723,0.0
9.375,0.9247424290821323,2.0304119340579519e-16,0.07525757091786746,0.0007985512190109567,0.9239438778631214,1.7066269611596344e-16,0.07605612213687846,0.0
9.433962264150946,0.9251050263203486,1.942321114671397e-16,0.07489497367965117,0.0007944664333667806,0.9243105598869819,1.583282774091403e-16,0.075689440113018,0.0
9.49367088607595,0.9254642466261611,1.8541455512668269e-16,0.0745357533738387,0.0007903100258229712,0.9246739366003381,1.4620777649003972e-16,0.0753260633996617,0.0
9.554140127388536,0.9258201054668787,1.7660913054470553e-16,0.07417989453312117,0.0007860690920167279,0.9250340363748619,1.3441198031702502e-16,0.07496596362513794,0.0
9.615384615384617,0.9261726206808104,1.6783620922577397e-16,0.07382737931918942,0.000781731781552164,0.9253908888992582,1.2305306951947562e-16,0.07460911110074163,0.0
9.67741935483871,0.9265218128185801,1.591158773353117e-16,0.0734781871814197,0.000777287676128724,0.9257445251424514,1.1224251260553573e-16,0.07425547485754846,0.0
9.740259740259742,0.9268677054845147,1.504678875286518e-16,0.07313229451548516,0.0007727281872650371,0.9260949772972497,1.020886488592017e-16,0.07390502270275025,0.0
9.803921568627453,0.9272103256716209,1.4191161362384542e-16,0.07278967432837899,0.0007680469682911362,0.9264422787033297,9.269398959648146e-17,0.07355772129667017,0.0
9.868421052631579,0.9275497040829409,1.3346600839916763e-16,0.07245029591705895,0.000763240334708537,0.9267864637482324,8.415228269488234e-17,0.07321353625176755,0.0
9.933774834437088,0.9278858754309129,1.2514956473216375e-16,0.07211412456908693,0.0007583076853012738,0.9271275677456117,7.654539967361704e-17,0.07287243225438825,0.0
10.0,0.9282188787057664,1.169802802196807e-16,0.07178112129423353,0.0007532519155545314,0.9274656267902118,6.994011744827063e-17,0.0725343732097881,0.0
10.067114093959733,0.9285487574027903,1.0897562532780467e-16,0.07145124259720959,0.0007480798132822875,0.927800677589508,6.438487791062476e-17,0.07219932241049191,0.0
10.135135135135137,0.928875559697713,1.0115251501979946e-16,0.07112444030228694,0.0007428024252972287,0.9281327572724157,5.9906617817214e-17,0.07186724272758421,0.0
10.204081632653063,0.9291993385582935,9.352728370063712e-17,0.0708006614417064,0.0007374353822130475,0.9284619031760805,5.650776975259387e-17,0.07153809682391948,0.0
10.273972602739727,0.9295201517799528,8.611566320228145e-17,0.07047984822004708,0.0007319991676983939,0.9287881526122544,5.4163543325726475e-17,0.0712118473877455,0.0
10.344827586206899,0.9298380619321674,7.893276341835998e-17,0.07016193806783247,0.0007265193164361916,0.9291115426157313,5.28196058472364e-17,0.07088845738426869,0.0
10.416666666666668,0.9301531362022027,7.199305508335133e-17,0.06984686379779718,0.0007210265244982361,0.9294321096777045,5.239029531799644e-17,0.07056789032229543,0.0
10.48951048951049,0.9304654461224973,6.531035408909004e-17,0.06953455387750267,0.0007155566544632119,0.929749889468034,5.275751728519944e-17,0.07025011053196589,0.0
10.563380281690144,0.9307750671677908,5.889780663985889e-17,0.06922493283220915,0.0007101506165148042,0.930064916551276,5.3770501992892155e-17,0.06993508344872396,0.0
10.638297872340427,0.9310820782086828,5.276787447962445e-17,0.06891792179131712,0.000704854106768904,0.9303772241019139,5.52466289871484e-17,0.06962277589808602,0.0
10.714285714285715,0.9313865608086552,4.693231938094899e-17,0.06861343919134473,0.0006997171830087634,0.9306868436256465,5.697356066279106e-17,0.06931315637435348,0.0
10.791366906474822,0.9316885983530977,4.140218607674901e-17,0.06831140164690226,0.0006947936587473613,0.9309938046943503,5.87129591698757e-17,0.06900619530564961,0.0
10.869565217391306,0.9319882749998588,3.6187782846269244e-17,0.06801172500014115,0.0006901402968080284,0.9312981347030508,6.020608432599061e-17,0.06870186529694916,0.0
10.948905109489052,0.9322856744439169,3.12986590402639e-17,0.06771432555608312,0.0006858157852028812,0.931599858658714,6.118157172890948e-17,0.06840014134128597,0.0
11.029411764705884,0.9325808784907386,2.6743578957369e-17,0.06741912150926141,0.0006818794795614425,0.9318989990111771,6.136565460541683e-17,0.06810100098882282,0.0
11.11111111111111,0.932873965436791,2.253049166149237e-17,0.06712603456320895,0.0006783898994133786,0.9321955755373776,6.049500176856686e-17,0.0678044244626223,0.0
11.19402985074627,0.9331650082605136,1.866649656298566e-17,0.06683499173948636,0.000675402969505301,0.9324896052910083,5.833217800361207e-17,0.06751039470899162,0.0
11.278195488721806,0.9334540726316155,1.5157804878072084e-17,0.06654592736838448,0.0006729700017801266,0.9327811026298354,5.4683474545249747e-17,0.06721889737016457,0.0
11.363636363636365,0.9337412147533948,1.2009697421297308e-17,0.06625878524660521,0.0006711354196102803,0.9330700793337845,4.9418493955546076e-17,0.06692992066621545,0.0
11.450381679389315,0.9340264790599052,9.226479576720822e-18,0.06597352094009477,0.0006699342334055558,0.9333565448264997,4.2490404362083946e-17,0.0666434551735003,0.0
11.53846153846154,0.9343098957982638,6.8114347210776385e-18,0.06569010420173615,0.0006693892851880046,0.9336405065130758,3.3955218266825215e-17,0.06635949348692413,0.0
11.627906976744187,0.9345914785361038,4.7667778266663596e-18,0.0654085214638962,0.0006695082896407412,0.9339219702464631,2.3987840137340594e-17,0.06607802975353691,0.0
11.718750000000002,0.934871221644583,3.0936114349908865e-18,0.06512877835541697,0.0006702807118064147,0.9342009409327766,1.2892033711760757e-17,0.06579905906722337,0.0
11.811023622047246,0.9351490978202378,1.791886645593967e-18,0.0648509021797622,0.0006716745339939711,0.9344774232862438,1.1009878941457038e-18,0.06552257671375616,0.0
11.904761904761907,0.93542505572025,8.603721791598103e-19,0.06457494427974997,0.0006736329800717256,0.9347514227401783,-1.0835051267740987e-17,0.06524857725982171,0.0
12.000000000000004,0.9356990178020694,2.966349271175906e-19,0.06430098219793057,0.0006760712826164861,0.935022946519453,-2.2277394380708172e-17,0.06497705348054708,0.0
12.09677419354839,0.9359708784715572,9.703565137952616e-20,0.06402912152844276,0.0006788735959709635,0.9352920048755863,-3.254623611915347e-17,0.06470799512441375,0.0
12.195121951219514,0.9362405026598818,2.5674361751106396e-19,0.06375949734011821,0.0006818901787509768,0.9355586124811308,-4.0987507905397487e-17,0.06444138751886923,0.0
12.295081967213118,0.9365077249658921,7.697738904673159e-19,0.06349227503410793,0.0006849349897629642,0.9358227899761291,-4.7057448414444657e-17,0.06417721002387093,0.0
12.396694214876035,0.9367723495170199,1.6290507550725501e-18,0.06322765048298007,0.0006877838652313839,0.9360845656517885,-5.0419440012856224e-17,0.06391543434821151,0.0
12.500000000000002,0.9370341507156286,2.8265002054443455e-18,0.06296584928437143,0.0006901734647064561,0.9363439772509221,-5.1043080570801675e-17,0.06365602274907795,0.0
12.605042016806724,0.9372928750544881,4.353173638763518e-18,0.0627071249455119,0.0006918011984289318,0.9366010738560592,-4.929027011736078e-17,0.06339892614394088,0.0
12.711864406779664,0.9375482441963434,6.1994037608094555e-18,0.062451755803656576,0.0006923263686788861,0.9368559178276645,-4.5967930901943914e-17,0.06314408217233551,0.0
12.820512820512823,0.9377999595225435,8.354992233039495e-18,0.062200040477456524,0.0006913727780597512,0.9371085867444837,-4.232288818864786e-17,0.06289141325551632,0.0
12.931034482758623,0.9380477083621676,1.080942675568913e-17,0.06195229163783243,0.0006885330744291762,0.9373591752877384,-3.9952922228829315e-17,0.06264082471226166,0.0
13.043478260869566,0.938291172114698,1.3552123084118864e-17,0.06170882788530195,0.0006833751157432344,0.9376077969989548,-4.061104984706968e-17,0.06239220300104524,0.0
13.157894736842108,0.9385300364719735,1.6572684937347315e-17,0.06146996352802646,0.0006754506415106443,0.9378545858304629,-4.5890132504647167e-17,0.062145414169537165,0.0
13.274336283185843,0.9387640039334836,1.986117192063653e-17,0.0612359960665164,0.0006643065428446615,0.9380996973906389,-5.679463646027488e-17,0.061900302609361135,0.0
13.392857142857144,0.9389928087857543,2.340836251456756e-17,0.06100719121424567,0.000649499004625298,0.938343309781129,-7.323845100257337e-17,0.06165669021887107,0.0
13.513513513513518,0.9392162346781694,2.7205995989066388e-17,0.06078376532183058,0.0006306107778996095,0.9385856239002698,-9.355421689861267e-17,0.06141437609973031,0.0
13.636363636363638,0.9394341348815927,3.124697390485477e-17,0.0605658651184073,0.0006072717954769269,0.9388268630861157,-1.1416145573920426e-16,0.061173136913884374,0.0
13.761467889908259,0.9396464552472414,3.5525498868864444e-17,0.060353544752758524,0.0005791832960746479,0.9390672719511668,-1.296164675237008e-16,0.06093272804883334,0.0
13.888888888888893,0.9398532598002243,4.003712559087937e-17,0.060146740199775686,0.0005461455375940227,0.9393071142626302,-1.3335150993242264e-16,0.06069288573736988,0.0
14.01869158878505,0.9400547587937017,4.477869736341399e-17,0.05994524120629825,0.0005080890863532472,0.9395466697073485,-1.1949429390298953e-16,0.06045333029265166,0.0
14.150943396226417,0.9402513389171127,4.9748140103910795e-17,0.059748661082887296,0.00046510953187983706,0.9397862293852328,-8.622505595168814e-17,0.060213770614767265,0.0
14.28571428571429,0.9404435952033587,5.494408643238349e-17,0.059556404796641205,0.0004175053336672452,0.9400260898696915,-4.1153502790913966e-17,0.05997391013030855,0.0
14.423076923076927,0.9406323639764251,6.036530428955162e-17,0.0593676360235748,0.0003658182823531586,0.940266545694072,-9.149572428803311e-18,0.05973345430592803,0.0
14.563106796116507,0.9408187559860678,6.600990868149757e-17,0.05918124401393214,0.00031087586056521843,0.9405078801255026,-4.290014488695705e-17,0.05949211987449747,0.0
14.70588235294118,0.9410041886034711,7.18743417323414e-17,0.058995811396528805,0.0002538344774186685,0.9407503541260525,-2.361428321453128e-16,0.05924964587394778,0.0
14.851485148514856,0.941190415682833,7.795211566090545e-17,0.05880958431716691,0.00019622225777482516,0.9409941934250582,-7.39001255800153e-16,0.05900580657494255,0.0
15.000000000000004,0.9413795533650793,8.423232594327617e-17,0.05862044663492064,0.00013997968255874405,0.9412395736825205,-1.7740749595870934e-15,0.05876042631748124,0.0
