wavelength_um,reflectance,transmittance,absorptance,input_flux_raw,reflection_flux_raw,transmission_flux_raw,raw_transmittance,signed_transmittance,fresnel_reflectance,fresnel_absorptance,energy_error
5.0,0.8419572480352392,-6.002055513926049e-16,0.15804275196476142,-0.0004093107724551199,0.00034462217156749073,2.4567059787235827e-19,6.002055513926049e-16,-6.002055513926049e-16,0.8392399740827409,0.16076002591725913,0.0
5.016722408026756,0.8427197057726704,-5.896335303454533e-16,0.15728029422733017,-0.0004948080025308068,0.0004169844543067243,2.917553893754216e-19,5.896335303454533e-16,-5.896335303454533e-16,0.8399851866871775,0.16001481331282252,0.0
5.033557046979866,0.8434802087897091,-5.784808332921583e-16,0.1565197912102915,-0.0005969708401854071,0.0005035330889209553,3.4533618908157416e-19,5.784808332921583e-16,-5.784808332921583e-16,0.8407303760013176,0.15926962399868239,0.0
5.05050505050505,0.8442385754498183,-5.667694057390596e-16,0.15576142455018227,-0.0007187909970357872,0.0006068310873836476,4.073887462405593e-19,5.667694057390596e-16,-5.667694057390596e-16,0.841475490973982,0.158524509026018,0.0
5.0675675675675675,0.8449946145319459,-5.545227861246341e-16,0.15500538546805465,-0.0008637448250176557,0.0007298597254697571,4.78966186869525e-19,5.545227861246341e-16,-5.545227861246341e-16,0.842220480291463,0.15777951970853699,0.0
5.084745762711865,0.8457481518608793,-5.417663972992515e-16,0.1542518481391213,-0.0010358617003069796,0.000876078118618096,5.611950614755893e-19,5.417663972992515e-16,-5.417663972992515e-16,0.8429652923932965,0.15703470760670346,0.0
5.1020408163265305,0.8464990465906015,-5.285277110285737e-16,0.15350095340939904,-0.0012398002097817895,0.0010494896955431125,6.552687670087147e-19,5.285277110285737e-16,-5.285277110285737e-16,0.8437098754882891,0.15629012451171087,0.0
5.1194539249146755,0.8472471998323945,-5.148363024152143e-16,0.15275280016760603,-0.001480932709690296,0.0012547160914253036,7.62437920382696e-19,5.148363024152143e-16,-5.148363024152143e-16,0.8444541775708063,0.15554582242919368,0.0
5.136986301369864,0.8479925577346977,-5.007238119145578e-16,0.15200744226530277,-0.0017654388117856897,0.0014970789735302527,8.839972515392381e-19,5.007238119145578e-16,-5.007238119145578e-16,0.8451981464372956,0.15480185356270437,0.0
5.154639175257731,0.8487351106506422,-4.8622383255648465e-16,0.15126488934935828,-0.0021004083252028657,0.0017826902923025844,1.0212685858136845e-18,4.8622383255648465e-16,-4.8622383255648465e-16,0.8459417297030465,0.15405827029695351,0.0
5.172413793103448,0.8494748896589162,-4.713717393298472e-16,0.15052511034108432,-0.0024939541408317686,0.0021185514185974638,1.1755795011727453e-18,4.713717393298472e-16,-4.713717393298472e-16,0.8466848748191712,0.1533151251808288,0.0
5.190311418685121,0.8502119614107905,-4.562044764795454e-16,0.14978803858920997,-0.0029553354868546424,0.002512661580905599,1.3482372786019446e-18,4.562044764795454e-16,-4.562044764795454e-16,0.8474275290897929,0.1525724709102071,0.0
5.208333333333333,0.8509464220397652,-4.407603169646944e-16,0.14905357796023522,-0.0034950919074202193,0.002974135953319374,1.5404978169352742e-18,4.407603169646944e-16,-4.407603169646944e-16,0.8481696396894387,0.1518303603105613,0.0
5.2264808362369335,0.8516783906857152,-4.2507860651822745e-16,0.14832160931428526,-0.004125188219057694,0.003513333663682728,1.753529259782453e-18,4.2507860651822745e-16,-4.2507860651822745e-16,0.8489111536806164,0.15108884631938357,0.0
5.244755244755245,0.8524080030347573,-4.0919950285326534e-16,0.14759199696524314,-0.00485917057942331,0.004141995890011468,1.9883701853792318e-18,4.0919950285326534e-16,-4.0919950285326534e-16,0.8496520180315682,0.1503479819684318,0.0
5.2631578947368425,0.8531354051629372,-3.931637186346416e-16,0.1468645948370632,-0.005712333658433808,0.00487339409011381,2.2458823432316628e-18,3.931637186346416e-16,-3.931637186346416e-16,0.8503921796341898,0.14960782036581022,0.0
5.28169014084507,0.8538607478762005,-3.7701227495490065e-16,0.1461392521237999,-0.006701898731106342,0.00572248826273302,2.526698087131764e-18,3.7701227495490065e-16,-3.7701227495490065e-16,0.8511315853220978,0.14886841467790224,0.0
5.30035335689046,0.8545841816709203,-3.607862702733078e-16,0.14541581832908004,-0.007847202313050906,0.006706094967104761,2.8311628546057102e-18,3.607862702733078e-16,-3.607862702733078e-16,0.851870181888841,0.148129818111159,0.0
5.319148936170213,0.8553058523804636,-3.4452666818330585e-16,0.1446941476195367,-0.009169894732491642,0.007843064630412887,3.159273279776992e-18,3.4452666818330585e-16,-3.4452666818330585e-16,0.8526079161062332,0.1473920838937668,0.0
5.338078291814946,0.8560258975335235,-3.2827410594192103e-16,0.1439741024664768,-0.010694147776239078,0.009154467448511191,3.510611800055666e-18,3.2827410594192103e-16,-3.2827410594192103e-16,0.8533447347428011,0.14665526525719885,0.0
5.357142857142858,0.8567444434174765,-3.1206872449564695e-16,0.14325555658252384,-0.012446870261077877,0.010663786934116706,3.884278926337373e-18,3.1206872449564695e-16,-3.1206872449564695e-16,0.8540805845823336,0.1459194154176664,0.0
5.376344086021505,0.8574616028176,-2.959500197381934e-16,0.14253839718240033,-0.014457930067040057,0.012397119888708938,4.2788246887139245e-18,2.959500197381934e-16,-2.959500197381934e-16,0.854815412442514,0.14518458755748598,0.0
5.395683453237409,0.858177473385945,-2.7995671395007176e-16,0.1418225266140553,-0.016760380826187624,0.01438338127040393,4.692181140651276e-18,2.7995671395007176e-16,-2.7995671395007176e-16,0.8555491651936298,0.14445083480637022,0.0
5.415162454873646,0.8588921365842005,-2.641266458065236e-16,0.14110786341579978,-0.01939069109180087,0.016654512101681073,5.121598197947801e-18,2.641266458065236e-16,-2.641266458065236e-16,0.8562817897773372,0.14371821022266285,0.0
5.434782608695652,0.8596056571384101,-2.484966769290493e-16,0.14039434286159017,-0.02238897342113276,0.019245688210327225,5.563585495004299e-18,2.484966769290493e-16,-2.484966769290493e-16,0.8570132332254762,0.14298676677452382,0.0
5.454545454545454,0.8603180829401208,-2.3310261274987456e-16,0.13968191705987942,-0.025799210393998732,0.022195527227533828,6.013863349724825e-18,2.3310261274987456e-16,-2.3310261274987456e-16,0.8577434426789124,0.14225655732108755,0.0
5.474452554744525,0.861029445328844,-2.1797913536197107e-16,0.13897055467115627,-0.029669474164252686,0.025546290882844956,6.46732632496814e-18,2.1797913536197107e-16,-2.1797913536197107e-16,0.8584723654064004,0.14152763459359963,0.0
5.4945054945054945,0.8617397596918369,-2.031597460810169e-16,0.13826024030816328,-0.034052135707680835,0.0293440792417307,6.918023243888767e-18,2.031597460810169e-16,-2.031597460810169e-16,0.859199948823449,0.14080005117655103,0.0
5.514705882352941,0.8624490263211516,-1.8867671557158708e-16,0.13755097367884858,-0.03900405949502015,0.033639013134052397,7.359157839479177e-18,1.8867671557158708e-16,-1.8867671557158708e-16,0.859926140511177,0.140073859488823,0.0
5.535055350553505,0.8631572314703312,-1.7456103960104583e-16,0.13684276852966898,-0.04458677889100254,0.03848540062773756,7.783114475675369e-18,1.7456103960104583e-16,-1.7456103960104583e-16,0.8606508882351425,0.13934911176485754,0.0
5.555555555555555,0.863864348560634,-1.6084239874990968e-16,0.13613565143936618,-0.05086664716868726,0.043941883019841636,8.18151354697696e-18,1.6084239874990968e-16,-1.6084239874990968e-16,0.8613741399641377,0.1386258600358623,0.0
5.5762081784386615,0.8645703394885492,-1.4754912069034636e-16,0.13542966051145092,-0.05791495864349155,0.05007155545586878,8.545301222664953e-18,1.4754912069034636e-16,-1.4754912069034636e-16,0.8620958438889252,0.13790415611107476,0.0
5.597014925373134,0.8652751559937388,-1.3470814395539817e-16,0.1347248440062613,-0.06580803408437655,0.0569420569580002,8.864878128859945e-18,1.3470814395539817e-16,-1.3470814395539817e-16,0.8628159484409146,0.13718405155908542,0.0
5.617977528089888,0.8659787410516944,-1.223449824239301e-16,0.13402125894830574,-0.07462726426291738,0.0646256243545333,9.130271334592614e-18,1.223449824239301e-16,-1.223449824239301e-16,0.8635344023107497,0.13646559768925026,0.0
5.639097744360902,0.8666810302591584,-1.1048369003526076e-16,0.13331896974084168,-0.08445910526744944,0.0731991043679598,9.331353607024344e-18,1.1048369003526076e-16,-1.1048369003526076e-16,0.8642511544668104,0.13574884553318955,0.0
5.660377358490566,0.8673819531870092,-9.914682551560209e-17,0.13261804681299094,-0.09539501905227117,0.08274391794987092,9.458113309033066e-18,9.914682551560209e-17,-9.914682551560209e-17,0.864966154173598,0.135033845826402,0.0
5.6818181818181825,0.8680814346784066,-8.835541713375157e-17,0.1319185653215935,-0.10753135262488037,0.09334597085951579,9.500977516127837e-18,8.835541713375157e-17,-8.835541713375157e-17,0.8656793510100035,0.13432064898999652,0.0
5.703422053231939,0.8687793960753717,-7.812892770667527e-17,0.1312206039246284,-0.12096914931076566,0.10509550448195845,9.451189921238816e-18,7.812892770667527e-17,-7.812892770667527e-17,0.8663906948874358,0.1336093051125642,0.0
5.7251908396946565,0.8694757563601365,-6.848522023400333e-17,0.13052424363986354,-0.1358138856886354,0.11808688098333538,9.301243872221948e-18,6.848522023400333e-17,-6.848522023400333e-17,0.8671001360678041,0.13289986393219588,0.0
5.74712643678161,0.8701704332016791,-5.944052466918493e-17,0.12982956679832097,-0.15217512807151798,0.1324182971165138,9.045369454171441e-18,5.944052466918493e-17,-5.944052466918493e-17,0.8678076251813356,0.13219237481866442,0.0
5.769230769230769,0.8708633439007012,-5.100940641554888e-17,0.12913665609929886,-0.1701661028322745,0.14819142133106517,8.680071897521575e-18,5.100940641554888e-17,-5.100940641554888e-17,0.8685131132442169,0.13148688675578313,0.0
5.7915057915057915,0.8715544062290602,-4.3204737186608293e-17,0.12844559377093984,-0.18990317544535804,0.16551094931629207,8.204716786019059e-18,4.3204737186608293e-17,-4.3204737186608293e-17,0.8692165516760476,0.1307834483239524,0.0
5.813953488372094,0.8722435391625684,-3.6037668883990037e-17,0.12775646083743167,-0.21150523384797304,0.18448407372296266,7.622155584644134e-18,3.6037668883990037e-17,-3.6037668883990037e-17,0.8699178923170929,0.13008210768290707,0.0
5.836575875486381,0.8729306635075322,-2.951761113162488e-17,0.1270693364924678,-0.2350929726185286,0.20521986457385027,6.939382945531462e-18,2.951761113162488e-17,-2.951761113162488e-17,0.870617087445318,0.12938291255468204,0.0
5.859375,0.8736157024235743,-2.3652213064519204e-17,0.1263842975764257,-0.2607880755309339,0.227828557788649,6.168215127143576e-18,2.3652213064519204e-17,-2.3652213064519204e-17,0.8713140897932041,0.12868591020679587,0.0
5.882352941176471,0.8742985818468288,-1.844734990968261e-17,0.12570141815317118,-0.28871229526906056,0.25242075031548256,5.3259767340559634e-18,1.844734990968261e-17,-1.844734990968261e-17,0.8720088525643174,0.12799114743568263,0.0
5.905511811023622,0.8749792308185496,-1.3907114819238513e-17,0.12502076918145047,-0.31898643047268954,0.27910650157654865,4.4361809143627365e-18,1.3907114819238513e-17,-1.3907114819238513e-17,0.872701329449635,0.12729867055036503,0.0
5.928853754940712,0.8756575817250185,-1.0033816326957597e-17,0.1243424182749815,-0.35172920182581324,0.3079943422928626,3.5291862079476084e-18,1.0033816326957597e-17,-1.0033816326957597e-17,0.8733914746436057,0.12660852535639433,0.0
5.952380952380953,0.8763335704559426,-6.82798170411046e-18,0.12366642954405738,-0.38705603057823945,0.3391901932431331,2.6428114952538377e-18,6.82798170411046e-18,-6.82798170411046e-18,0.8740792428599393,0.12592075714006068,0.0
5.9760956175298805,0.8770071364883454,-4.288366390960444e-18,0.12299286351165462,-0.4250777246953502,0.3727961981200503,1.822889028129476e-18,4.288366390960444e-18,-4.288366390960444e-18,0.8747645893471141,0.1252354106528859,0.0
5.999999999999999,0.8776782229037463,-2.41196958242219e-18,0.12232177709625369,-0.4658990797374204,0.40890947635642994,1.1237344088051486e-18,2.41196958242219e-18,-2.41196958242219e-18,0.8754474699035899,0.1245525300964101,0.0
6.024096385542169,0.8783467763462037,-1.1940559516288223e-18,0.12165322365379627,-0.5096174035535596,0.44762080358119144,6.085116937667551e-19,1.1940559516288223e-18,-1.1940559516288223e-18,0.876127840892717,0.123872159107283,0.0
6.048387096774194,0.8790127469293553,-6.281834070464749e-19,0.12098725307064473,-0.5563209759064309,0.48901322920593154,3.4947160605632165e-19,6.281834070464749e-19,-6.281834070464749e-19,0.8768056592573339,0.12319434074266611,0.0
6.072874493927125,0.8796760880998643,-7.062366992776651e-19,0.1203239119001357,-0.6060874561887881,0.533160642506551,4.280412045323662e-19,7.062366992776651e-19,-7.062366992776651e-19,0.8774808825340408,0.12251911746595923,0.0
6.097560975609757,0.8803367564647944,-1.4184666239026364e-18,0.11966324353520563,-0.6589822544135594,0.5801263004182908,9.347443336297499e-19,1.4184666239026364e-18,-1.4184666239026364e-18,0.8781534688671417,0.12184653113285826,0.0
6.122448979591836,0.8809947115902625,-2.7535345085366603e-18,0.11900528840973745,-0.7150568826159408,0.629961332070863,1.968933801849641e-18,2.7535345085366603e-18,-2.7535345085366603e-18,0.8788233770222493,0.12117662297775067,0.0
6.147540983606556,0.8816499157779231,-4.69856162533649e-18,0.11835008422207693,-0.7743473056551723,0.6827032368137443,3.638318535034098e-18,4.69856162533649e-18,-4.69856162533649e-18,0.8794905663995396,0.1205094336004604,0.0
6.17283950617284,0.8823023338258409,-7.239183135418365e-18,0.11769766617415912,-0.8368723121006602,0.73837439408064,6.058271928257673e-18,7.239183135418365e-18,-7.239183135418365e-18,0.8801549970466505,0.11984500295334954,0.0
6.198347107438017,0.8829519327795339,-1.0359606148188694e-17,0.11704806722046614,-0.9026319273865886,0.7969806048745043,9.350911264505514e-18,1.0359606148188694e-17,-1.0359606148188694e-17,0.8808166296712195,0.11918337032878046,0.0
6.224066390041493,0.8835986816786021,-1.4042671466139663e-17,0.1164013183213979,-0.971605892675679,0.8585096858793914,1.3643942345409913e-17,1.4042671466139663e-17,-1.4042671466139663e-17,0.8814754256530524,0.11852457434694763,0.0
6.25,0.8842425513038178,-1.8269918583444107e-17,0.11575744869618222,-1.0437522338412748,0.9229301381808679,1.9069268333568004e-17,1.8269918583444107e-17,-1.8269918583444107e-17,0.8821313470559125,0.11786865294408755,0.0
6.276150627615063,0.8848835139288971,-2.3021653513080277e-17,0.11511648607110295,-1.1190059456171992,0.9901899132650755,2.5761367159075914e-17,2.3021653513080277e-17,-2.3021653513080277e-17,0.8827843566389313,0.11721564336106871,0.0
6.302521008403361,0.8855215430808608,-2.827701903153826e-17,0.11447845691913919,-1.1972778162364068,1.0602152993301464,3.385544759575544e-17,2.827701903153826e-17,-2.827701903153826e-17,0.883434417867631,0.116565582132369,0.0
6.329113924050633,0.8861566133121191,-3.401406695099963e-17,0.11384338668788088,-1.2784534177502602,1.1329099509508744,4.348540014509165e-17,3.401406695099963e-17,-3.401406695099963e-17,0.8840814949245552,0.11591850507544477,0.0
6.3559322033898304,0.8867886999870307,-4.0209832054010816e-17,0.11321130001296935,-1.3623922866610687,1.2081540847605272,5.4781565038321336e-17,4.0209832054010816e-17,-4.0209832054010816e-17,0.8847255527195,0.11527444728049996,0.0
6.382978723404255,0.887417779085184,-4.684040735515164e-17,0.112582220914816,-1.4489273184909222,1.2858038630310653,6.786834582612234e-17,4.684040735515164e-17,-4.684040735515164e-17,0.8853665568993486,0.11463344310065138,0.0
6.410256410256411,0.8880438270230921,-5.3881020385073436e-17,0.11195617297690791,-1.5378643984360854,1.3656909858297466,8.286170300161341e-17,5.3881020385073436e-17,-5.3881020385073436e-17,0.8860044738574974,0.11399552614250263,0.0
6.437768240343348,0.8886668204956507,-6.130611022442064e-17,0.11133317950434934,-1.6289822883136305,1.4476225107994034,9.986656772098438e-17,6.130611022442064e-17,-6.130611022442064e-17,0.8866392707428773,0.1133607292571227,0.0
6.46551724137931,0.8892867363381968,-6.908940504691639e-17,0.1107132636618033,-1.7220327876008643,1.5313809175529398,1.1897422076662666e-16,6.908940504691639e-17,-6.908940504691639e-17,0.8872709154685628,0.11272908453143715,0.0
6.4935064935064934,0.889903551409693,-7.720399996097941e-17,0.11009644859030707,-1.8167411835124168,1.6167244311999485,1.402596862610023e-16,7.720399996097941e-17,-7.720399996097941e-17,0.8878993767199687,0.11210062328003134,0.0
6.521739130434783,0.8905172424971218,-8.562243496747006e-17,0.10948275750287825,-1.9128070017801535,1.7033876166544495,1.6377919311524257e-16,8.562243496747006e-17,-8.562243496747006e-17,0.8885246239626332,0.11147537603736679,0.0
6.550218340611353,0.8911277862410402,-9.431677287608176e-17,0.10887221375895993,-2.009905066132354,1.791082252137176,1.8956775962489132e-16,9.431677287608176e-17,-9.431677287608176e-17,0.8891466274495863,0.11085337255041372,0.0
6.578947368421053,0.8917351590816561,-1.0325867704425482e-16,0.10826484091834397,-2.1076868704565235,1.879498486720866,2.176369578668863e-16,1.0325867704425482e-16,-1.0325867704425482e-16,0.8897653582282979,0.11023464177170206,0.0
6.607929515418503,0.8923393372249312,-1.124194888201146e-16,0.10766066277506892,-2.2057822633292257,1.96830628292171,2.47972914491947e-16,1.124194888201146e-16,-1.124194888201146e-16,0.8903807881472139,0.10961921185278611,0.0
6.6371681415929205,0.8929402966276586,-1.2177030458418878e-16,0.10705970337234151,-2.3038014400717723,2.0571571412689154,2.8053460305903245e-16,1.2177030458418878e-16,-1.2177030458418878e-16,0.8909928898618719,0.10900711013812814,0.0
6.666666666666667,0.8935380130004841,-1.3128205229391318e-16,0.10646198699951605,-2.4013372328133853,2.145686099552153,3.152524801735276e-16,1.3128205229391318e-16,-1.3128205229391318e-16,0.8916016368406028,0.10839836315939722,0.0
6.696428571428572,0.894132461827644,-1.4092556743945617e-16,0.10586753817235608,-2.4979676842931067,2.2335139951228946,3.5202751335443036e-16,1.4092556743945617e-16,-1.4092556743945617e-16,0.892207003369816,0.10779299663018405,0.0
6.726457399103139,0.8947236184020508,-1.5067166832143786e-16,0.10527638159794932,-2.5932588863930297,2.3202499742868445,3.907306428022319e-16,1.5067166832143786e-16,-1.5067166832143786e-16,0.8928089645588708,0.10719103544112918,0.0
6.756756756756757,0.8953114578742853,-1.604912305577344e-16,0.10468854212571482,-2.6867680597554386,2.4054942285497067,4.3120271213336683e-16,1.604912305577344e-16,-1.604912305577344e-16,0.893407496344537,0.10659250365546302,0.0
6.787330316742082,0.8958959553140066,-1.703552607218743e-16,0.1041040446859936,-2.7780468463861943,2.4888409333502226,4.732548948137008e-16,1.703552607218743e-16,-1.703552607218743e-16,0.8940025754950449,0.10599742450495508,0.0
6.818181818181818,0.8964770857822014,-1.8023496900711601e-16,0.10352291421779876,-2.8666447829755333,2.5698813610146574,5.16669633614006e-16,1.8023496900711601e-16,-1.8023496900711601e-16,0.894594179613727,0.105405820386273,0.0
6.849315068493151,0.8970548244126989,-1.9010184080075166e-16,0.10294517558730129,-2.9521129188635147,2.6482071360775703,5.612021001276342e-16,1.9010184080075166e-16,-1.9010184080075166e-16,0.8951822871422582,0.10481771285774177,0.0
6.880733944954129,0.8976291465014294,-1.9992770704169257e-16,0.10237085349857075,-3.034007539224365,2.723413597912869,6.065821704643355e-16,1.9992770704169257e-16,-1.9992770704169257e-16,0.8957668773634951,0.10423312263650486,0.0
6.912442396313364,0.8982000276017481,-2.0968481322279137e-16,0.1017999723982521,-3.111893951220012,2.7951032328795278,6.525169019307024e-16,2.0968481322279137e-16,-2.0968481322279137e-16,0.896347930403916,0.10365206959608397,0.0
6.944444444444445,0.8987674436243913,-2.1934588688745489e-16,0.1012325563756089,-3.1853502886467675,2.8628891359752724,6.986934841104357e-16,2.1934588688745489e-16,-2.1934588688745489e-16,0.896925427235674,0.10307457276432597,0.0
6.9767441860465125,0.8993313709404928,-2.288842034590038e-16,0.10066862905950746,-3.253971289031358,2.9263984603655735,7.447826265684103e-16,2.288842034590038e-16,-2.288842034590038e-16,0.8974993496782567,0.10250065032174327,0.0
7.009345794392524,0.8998917864862284,-2.3827365023112767e-16,0.10010821351377187,-3.3173719962702477,2.9852758121630187,7.904423347258348e-16,2.3827365023112767e-16,-2.3827365023112767e-16,0.8980696803997666,0.10193031960023335,0.0
7.04225352112676,0.9004486678676629,-2.4748878833988007e-16,0.09955133213233738,-3.375191341785055,3.0391865475088222,8.353220155936373e-16,2.4748878833988007e-16,-2.4748878833988007e-16,0.8986364029178261,0.1013635970821739,0.0
7.075471698113208,0.9010019934644788,-2.5650491253141523e-16,0.0989980065355214,-3.427095557807709,3.0878199293780058,8.790668462922681e-16,2.5650491253141523e-16,-2.5650491253141523e-16,0.8991995016001055,0.10080049839989447,0.0
7.109004739336493,0.9015517425313191,-2.652981085366211e-16,0.09844825746868117,-3.4727813778175345,3.1308921026017136,9.213223308961929e-16,2.652981085366211e-16,-2.652981085366211e-16,0.899758961664492,0.10024103833550801,0.0
7.142857142857142,0.9020978952955188,-2.738453078632195e-16,0.09790210470448152,-3.5119789813198907,3.1681488473707735,9.617389653487015e-16,2.738453078632195e-16,-2.738453078632195e-16,0.9003147691788947,0.09968523082110525,0.0
7.177033492822968,0.902640433050136,-2.8212433981893255e-16,0.0973595669498643,-3.544454643056052,3.19936807393468,9.99976926190339e-16,2.8212433981893255e-16,-2.8212433981893255e-16,0.9008669110607015,0.09913308893929851,0.0
7.211538461538462,0.9031793382412151,-2.9011398058496804e-16,0.09682066175878519,-3.570013050328138,3.2243620243078692,1.03571069677098e-15,2.9011398058496804e-16,-2.9011398058496804e-16,0.9014153750758868,0.09858462492411324,0.0
7.246376811594202,0.9037145945483602,-2.977939991689763e-16,0.09628540545164006,-3.5884992563543734,3.242979150493385,1.0686335445646662e-15,2.977939991689763e-16,-2.977939991689763e-16,0.9019601498377847,0.09803985016221528,0.0
7.281553398058254,0.9042461869577062,-3.0514520007858057e-16,0.0957538130422941,-3.599800242371458,3.2551056429738177,1.0984617652013615e-15,3.0514520007858057e-16,-3.0514520007858057e-16,0.9025012248055303,0.0974987751944697,0.0
7.317073170731708,0.9047741018265649,-3.1214946257279535e-16,0.09522589817343538,-3.6038460664906604,3.2606665879302863,1.1249386128501422e-15,3.1214946257279535e-16,-3.1214946257279535e-16,0.9030385902821777,0.0969614097178223,0.0
7.352941176470588,0.905298326938981,-3.1878977636650207e-16,0.09470167306101927,-3.6006105830013344,3.259626736749897,1.147837842537856e-15,3.1878977636650207e-16,-3.1878977636650207e-16,0.9035722374125066,0.09642776258749342,0.0
7.389162561576355,0.9058188515516816,-3.2505027368428865e-16,0.0941811484483187,-3.590111721798898,3.251990876782108,1.1669667977279046e-15,3.2505027368428865e-16,-3.2505027368428865e-16,0.9041021581805182,0.0958978418194818,0.0
7.425742574257426,0.9063356664298411,-3.309162575831219e-16,0.09366433357015924,-3.5724113237879367,3.2378037979068504,1.1821689858154704e-15,3.309162575831219e-16,-3.309162575831219e-16,0.9046283454066382,0.09537165459336183,0.0
7.462686567164178,0.9068487638723064,-3.3637422648710916e-16,0.09315123612769394,-3.547614534362922,3.217149855182444,1.193326094870754e-15,3.3637422648710916e-16,-3.3637422648710916e-16,0.9051507927446298,0.09484920725537016,0.0
7.5,0.9073581377259262,-3.414118949040003e-16,0.09264186227407413,-3.5158687632867394,3.1901521335446112,1.2003594167075097e-15,3.414118949040003e-16,-3.414118949040003e-16,0.9056694946782248,0.09433050532177523,0.0
7.537688442211056,0.9078637833888142,-3.460182103186701e-16,0.09213621661118611,-3.477362225358266,3.156971226127102,1.2032306538482153e-15,3.460182103186701e-16,-3.460182103186701e-16,0.9061844465174861,0.09381555348251391,0.0
7.575757575757575,0.9083656978023856,-3.5018336628493297e-16,0.09163430219761472,-3.4323220820756135,3.117803643167152,1.2019421008753482e-15,3.5018336628493297e-16,-3.5018336628493297e-16,0.9066956443949118,0.09330435560508821,0.0
7.614213197969543,0.9088638794321986,-3.5389881176285747e-16,0.09113612056780176,-3.3810122099575675,3.072879873549666,1.196536203659696e-15,3.5389881176285747e-16,-3.5389881176285747e-16,0.9072030852612814,0.09279691473871865,0.0
7.653061224489797,0.9093583282376595,-3.5715725677254873e-16,0.09064167176234086,-3.323730626186923,3.0224621257416495,1.187094512699827e-15,3.5715725677254873e-16,-3.5715725677254873e-16,0.9077067668812666,0.09229323311873339,0.0
7.692307692307692,0.9098490456308127,-3.5995267445829343e-16,0.09015095436918766,-3.260806606699232,2.966841779091945,1.173736058972661e-15,3.5995267445829343e-16,-3.5995267445829343e-16,0.9082066878288072,0.0917933121711928,0.0
7.731958762886598,0.9103360344244978,-3.6228029967731017e-16,0.08966396557550252,-3.1925975356852017,2.9063365801490906,1.1566151919770769e-15,3.6228029967731017e-16,-3.6228029967731017e-16,0.9087028474822647,0.09129715251773529,0.0
7.772020725388602,0.9108192987702947,-3.641366242447416e-16,0.0891807012297057,-3.1194855286434224,2.841287621723084,1.135918929780539e-15,3.641366242447416e-16,-3.641366242447416e-16,0.9091952460193667,0.09080475398063326,0.0
7.8125,0.9112988440867843,-3.655193889816631e-16,0.08870115591321606,-3.041873873564887,2.7720561448374705,1.111863879624722e-15,3.655193889816631e-16,-3.655193889816631e-16,0.9096838844119466,0.09031611558805341,0.0
7.853403141361257,0.9117746769787238,-3.664275727237486e-16,0.08822532302127653,-2.9601833365212027,2.6990202054544206,1.0846927948187517e-15,3.664275727237486e-16,-3.664275727237486e-16,0.9101687644204971,0.0898312355795029,0.0
7.894736842105265,0.9122468051478984,-3.6686137845640023e-16,0.087753194852102,-2.8748483788473758,2.6225712488881334,1.0546708391170957e-15,3.6686137845640023e-16,-3.6686137845640023e-16,0.9106498885885372,0.08935011141146276,0.0
7.936507936507937,0.9127152372964595,-3.668222167455046e-16,0.08728476270354082,-2.7863133332578824,2.5431106351467574,1.0220816334532123e-15,3.668222167455046e-16,-3.668222167455046e-16,0.9111272602368149,0.0888727397631851,0.0
7.9787234042553195,0.9131799830237195,-3.663126866342437e-16,0.08682001697628086,-2.695028585625699,2.4610461580701144,9.872231617566356e-16,3.663126866342437e-16,-3.663126866342437e-16,0.9116008834573475,0.08839911654265253,0.0
8.02139037433155,0.9136410527174371,-3.653365541719168e-16,0.08635894728256324,-2.6014468078183137,2.3767886000835405,9.504036126298755e-16,3.653365541719168e-16,-3.653365541719168e-16,0.9120707631073136,0.08792923689268639,0.0
8.064516129032258,0.9140984574407294,-3.638987287347055e-16,0.08590154255927099,-2.5060192849647147,2.2907483627029652,9.119372319833153e-16,3.638987287347055e-16,-3.638987287347055e-16,0.9125369048028107,0.08746309519718931,0.0
8.108108108108109,0.9145522088158712,-3.620052372876779e-16,0.08544779118412918,-2.409192377879543,2.203332210652097,8.72140258425949e-16,3.620052372876779e-16,-3.620052372876779e-16,0.9129993149124788,0.08700068508752123,0.0
8.152173913043478,0.9150023189062999,-3.5966319672466394e-16,0.08499768109370046,-2.3114041581604914,2.1149401646465136,8.313270084466831e-16,3.5966319672466394e-16,-3.5966319672466394e-16,0.9134580005510186,0.08654199944898144,0.0
8.19672131147541,0.9154488000982476,-3.568807844071862e-16,0.08455119990175278,-2.213081249778741,2.0259625746298786,7.898061723778731e-16,3.568807844071862e-16,-3.568807844071862e-16,0.9139129695725944,0.08608703042740562,0.0
8.241758241758243,0.9158916649834831,-3.536672070066377e-16,0.08410833501651728,-2.1146359068816043,1.9367774015876502,7.478773750227655e-16,3.536672070066377e-16,-3.536672070066377e-16,0.9143642305641523,0.08563576943584772,0.0
8.287292817679559,0.9163309262447553,-3.500326677354138e-16,0.08366907375524503,-2.016463353109841,1.8477477320937457,7.058280468797353e-16,3.500326677354138e-16,-3.500326677354138e-16,0.9148117928386474,0.08518820716135256,0.0
8.333333333333334,0.9167665965455394,-3.459883320341818e-16,0.08323340345446097,-1.91893940308929,1.7592195455472972,6.639306433495319e-16,3.459883320341818e-16,-3.459883320341818e-16,0.9152556664282047,0.08474433357179534,0.0
8.379888268156426,0.9171986884257691,-3.4154629176367637e-16,0.08280131157423122,-1.8224183819795738,1.6715197497146774,6.224402404070826e-16,3.4154629176367637e-16,-3.4154629176367637e-16,0.9156958620772189,0.08430413792278113,0.0
8.426966292134832,0.9176272142052841,-3.367195279319736e-16,0.08237278579471619,-1.7272313541415565,1.584954495788937,5.815925261958484e-16,3.367195279319736e-16,-3.367195279319736e-16,0.9161323912354015,0.08386760876459853,0.0
8.474576271186441,0.9180521858967401,-3.315218719724555e-16,0.08194781410326024,-1.6336846672078011,1.4998077797961102,5.416021990854283e-16,3.315218719724555e-16,-3.315218719724555e-16,0.9165652660507926,0.08343473394920742,0.0
8.522727272727273,0.9184736151297107,-3.2596796557422435e-16,0.08152638487028961,-1.5420588131888924,1.4163403328922333,5.026617741309861e-16,3.2596796557422435e-16,-3.2596796557422435e-16,0.9169944993627451,0.08300550063725487,0.0
8.571428571428571,0.9188915130878071,-3.2007321905681853e-16,0.08110848691219318,-1.4526076037994013,1.3347887989780858,4.649407917744861e-16,3.2007321905681853e-16,-3.2007321905681853e-16,0.9174201046948902,0.08257989530510979,0.0
8.620689655172415,0.9193058904604553,-3.1385376827459305e-16,0.08069410953954502,-1.3655576530091655,1.2553651941746804,4.285854151931358e-16,3.1385376827459305e-16,-3.1385376827459305e-16,0.9178420962481009,0.08215790375189913,0.0
8.670520231213874,0.9197167574111569,-3.073264300346286e-16,0.08028324258884342,-1.281108155978421,1.17825663910946,3.9371839606509427e-16,3.073264300346286e-16,-3.073264300346286e-16,0.9182604888934589,0.0817395111065411,0.0
8.720930232558139,0.9201241235637582,-3.005086560144375e-16,0.07987587643624214,-1.1994309500688192,1.103625351707318,3.6043938278730073e-16,3.005086560144375e-16,-3.005086560144375e-16,0.9186752981652416,0.08132470183475837,0.0
8.771929824561404,0.9205279980083982,-2.9341848517453303e-16,0.07947200199160205,-1.1206708405771593,1.0316088853028813,3.2882554042142066e-16,2.9341848517453303e-16,-2.9341848517453303e-16,0.9190865402539337,0.08091345974606634,0.0
8.823529411764707,0.9209283893285068,-2.8607449467368647e-16,0.07907161067149344,-1.0449461712439736,0.9623205944187027,2.9893244789982317e-16,2.8607449467368647e-16,-2.8607449467368647e-16,0.9194942319992822,0.08050576800071785,0.0
8.875739644970414,0.9213253056502387,-2.7849574931377e-16,0.07867469434976154,-0.9723496174634237,0.8958503085083815,2.7079523531043383e-16,2.7849574931377e-16,-2.7849574931377e-16,0.9198983908833979,0.08010160911660213,0.0
8.928571428571429,0.9217187547154975,-2.7070174956473596e-16,0.07828124528450281,-0.902949178474096,0.8322651923545252,2.444299223809788e-16,2.7070174956473596e-16,-2.7070174956473596e-16,0.9202990350239213,0.0797009649760787,0.0
8.982035928143713,0.922108743979484,-2.627123782484693e-16,0.07789125602051632,-0.8367893436397599,0.7716107706390758,2.1983491856057696e-16,2.627123782484693e-16,-2.627123782484693e-16,0.9206961831672601,0.0793038168327399,0.0
9.036144578313253,0.9224952807335709,-2.545478459932081e-16,0.07750471926642935,-0.7738924072253642,0.7139120934609413,1.9699264528971507e-16,2.545478459932081e-16,-2.545478459932081e-16,0.9210898546819107,0.07891014531808926,0.0
9.090909090909092,0.9228783722539131,-2.4622863560541885e-16,0.07712162774608713,-0.7142599058172456,0.659175019246853,1.7587124207703535e-16,2.4622863560541885e-16,-2.4622863560541885e-16,0.9214800695518729,0.0785199304481271,0.0
9.146341463414634,0.9232580259760164,-2.377754455442863e-16,0.07674197402398387,-0.6578741527015466,0.6073875915638742,1.5642631977068006e-16,2.377754455442863e-16,-2.377754455442863e-16,0.9218668483701727,0.07813315162982726,0.0
9.202453987730062,0.9236342496950383,-2.2920913272305204e-16,0.07636575030496197,-0.6046998440683312,0.5585214867667597,1.3860272681666702e-16,2.2920913272305204e-16,-2.2920913272305204e-16,0.9222502123325014,0.07774978766749863,0.0
9.259259259259261,0.9240070517912461,-2.2055065489977738e-16,0.07599294820875413,-0.5546857128131454,0.5125335101672003,1.2233629722448905e-16,2.2055065489977738e-16,-2.2055065489977738e-16,0.9226301832309807,0.07736981676901933,0.0
9.316770186335404,0.9243764414796383,-2.118210129573986e-16,0.07562355852036194,-0.5077662069206206,0.4693671194568969,1.0755555229546192e-16,2.118210129573986e-16,-2.118210129573986e-16,0.9230067834480695,0.07699321655193048,0.0
9.375,0.9247424290821323,-2.0304119340579519e-16,0.07525757091786787,-0.4638631708914411,0.42895395541189146,9.418333179479452e-17,2.0304119340579519e-16,-2.0304119340579519e-16,0.9233800359506206,0.07661996404937943,0.0
9.433962264150946,0.9251050263203486,-1.942321114671397e-16,0.07489497367965156,-0.42288751036816885,0.39121536140969154,8.213833405189137e-17,1.942321114671397e-16,-1.942321114671397e-16,0.9237499642840952,0.07625003571590483,0.0
9.49367088607595,0.9254642466261611,-1.8541455512668269e-16,0.07453575337383907,-0.38474082197992165,0.35606387495997815,7.13365483464814e-17,1.8541455512668269e-16,-1.8541455512668269e-16,0.9241165925669557,0.07588340743304434,0.0
9.554140127388536,0.9258201054668787,-1.7660913054470553e-16,0.07417989453312153,-0.3493169724141672,0.32340467624185504,6.169256678257495e-17,1.7660913054470553e-16,-1.7660913054470553e-16,0.9244799454852356,0.0755200545147644,0.0
9.615384615384617,0.9261726206808104,-1.6783620922577397e-16,0.07382737931918976,-0.31650361279105227,0.29313698051363335,5.3120766577112396e-17,1.6783620922577397e-16,-1.6783620922577397e-16,0.9248400482873099,0.07515995171269008,0.0
9.67741935483871,0.9265218128185801,-1.591158773353117e-16,0.07347818718142,-0.28618361651871904,0.26515536317590094,4.553635722136838e-17,1.591158773353117e-16,-1.591158773353117e-16,0.9251969267788692,0.07480307322113078,0.0
9.740259740259742,0.9268677054845147,-1.504678875286518e-16,0.07313229451548546,-0.2582364309072453,0.23935100818750887,3.885629024155185e-17,1.504678875286518e-16,-1.504678875286518e-16,0.9255506073181095,0.07444939268189055,0.0
9.803921568627453,0.9272103256716209,-1.4191161362384542e-16,0.07278967432837927,-0.23253933487817244,0.21561287242385238,3.300003224357721e-17,1.4191161362384542e-16,-1.4191161362384542e-16,0.925901116811154,0.07409888318884605,0.0
9.868421052631579,0.9275497040829409,-1.3346600839916763e-16,0.07245029591705923,-0.20896859709355847,0.19382876039675748,2.789020453485115e-17,1.3346600839916763e-16,-1.3346600839916763e-16,0.9262484827077133,0.07375151729228668,0.0
9.933774834437088,0.9278858754309129,-1.2514956473216375e-16,0.07211412456908718,-0.18740053071569235,0.1738863054993479,2.345309484964538e-17,1.2514956473216375e-16,-1.2514956473216375e-16,0.9265927329969973,0.07340726700300271,0.0
10.0,0.9282188787057664,-1.169802802196807e-16,0.07178112129423375,-0.16771244277250427,0.15567385557529892,1.9619048551854713e-17,1.169802802196807e-16,-1.169802802196807e-16,0.9269338962038923,0.07306610379610767,0.0
10.067114093959733,0.9285487574027903,-1.0897562532780467e-16,0.07145124259720981,-0.14978347772574713,0.139081262121711,1.6322748148936595e-17,1.0897562532780467e-16,-1.0897562532780467e-16,0.9272720013854112,0.07272799861458878,0.0
10.135135135135137,0.928875559697713,-1.0115251501979946e-16,0.07112444030228714,-0.13349535630521236,0.12400057380504975,1.3503391033736475e-17,1.0115251501979946e-16,-1.0115251501979946e-16,0.9276070781274323,0.07239292187256774,0.0
10.204081632653063,0.9291993385582935,-9.352728370063712e-17,0.07080066144170659,-0.1187330119726812,0.11032663619004932,1.1104776095400099e-17,9.352728370063712e-17,-9.352728370063712e-17,0.9279391565417364,0.07206084345826358,0.0
10.273972602739727,0.9295201517799528,-8.611566320228145e-17,0.07047984822004724,-0.1053851285087324,0.09795760064678677,9.075310233187148e-18,8.611566320228145e-17,-8.611566320228145e-17,0.9282682672633553,0.07173173273664468,0.0
10.344827586206899,0.9298380619321674,-7.893276341835998e-17,0.07016193806783264,-0.09334458317202783,0.08679534630854437,7.367945899903099e-18,7.893276341835998e-17,-7.893276341835998e-17,0.9285944414482451,0.0714055585517549,0.0
10.416666666666668,0.9301531362022027,-7.199305508335133e-17,0.06984686379779732,-0.08250880066633753,0.07674581970407625,5.940060631232893e-18,7.199305508335133e-17,-7.199305508335133e-17,0.9289177107712945,0.07108228922870552,0.0
10.48951048951049,0.9304654461224973,-6.531035408909004e-17,0.0695345538775028,-0.07278002377008257,0.06771929728603583,4.753289123036482e-18,6.531035408909004e-17,-6.531035408909004e-17,0.9292381074246814,0.07076189257531862,0.0
10.563380281690144,0.9307750671677908,-5.889780663985889e-17,0.06922493283220926,-0.0640655069442712,0.05963057652919259,3.773317840288222e-18,5.889780663985889e-17,-5.889780663985889e-17,0.9295556641165925,0.07044433588340748,0.0
10.638297872340427,0.9310820782086828,-5.276787447962445e-17,0.06891792179131723,-0.056277639547061595,0.052399101586157265,2.9696514196288953e-18,5.276787447962445e-17,-5.276787447962445e-17,0.929870414070317,0.07012958592968299,0.0
10.714285714285715,0.9313865608086552,-4.693231938094899e-17,0.06861343919134481,-0.04933400545836356,0.045949029674780664,2.3153593005133995e-18,4.693231938094899e-17,-4.693231938094899e-17,0.9301823910237312,0.06981760897626876,0.0
10.791366906474822,0.9316885983530977,-4.140218607674901e-17,0.06831140164690234,-0.04315738596869422,0.040209244441756366,1.786810124461955e-18,4.140218607674901e-17,-4.140218607674901e-17,0.9304916292291802,0.06950837077081984,0.0
10.869565217391306,0.9319882749998588,-3.6187782846269244e-17,0.06801172500014123,-0.037675712726653036,0.03511332251350359,1.3634005107305426e-18,3.6187782846269244e-17,-3.6187782846269244e-17,0.9307981634537804,0.06920183654621959,0.0
10.948905109489052,0.9322856744439169,-3.12986590402639e-17,0.06771432555608317,-0.03282197738304362,0.030599459321133806,1.0272838791391355e-18,3.12986590402639e-17,-3.12986590402639e-17,0.9311020289801502,0.06889797101984985,0.0
11.029411764705884,0.9325808784907386,-2.6743578957369e-17,0.06741912150926146,-0.028534104331257297,0.026610360084190317,7.6310407216078435e-19,2.6743578957369e-17,-2.6743578957369e-17,0.9314032616075861,0.06859673839241387,0.0
11.11111111111111,0.932873965436791,-2.253049166149237e-17,0.06712603456320901,-0.024754792637118488,0.023093101570954202,5.577376490925708e-19,2.253049166149237e-17,-2.253049166149237e-17,0.9317018976536997,0.0682981023463003,0.0
11.19402985074627,0.9331650082605136,-1.866649656298566e-17,0.06683499173948639,-0.02143133289074384,0.019998969934024793,4.0004790174527143e-19,1.866649656298566e-17,-1.866649656298566e-17,0.9319979739565272,0.06800202604347283,0.0
11.278195488721806,0.9334540726316155,-1.5157804878072084e-17,0.06654592736838451,-0.0185154043110943,0.017283279560611944,2.806528857861821e-19,1.5157804878072084e-17,-1.5157804878072084e-17,0.932291527877136,0.06770847212286402,0.0
11.363636363636365,0.9337412147533948,-1.2009697421297308e-17,0.06625878524660524,-0.01596285700292308,0.01490517748884413,1.9170908258454296e-19,1.2009697421297308e-17,-1.2009697421297308e-17,0.9325825973027321,0.06741740269726793,0.0
11.450381679389315,0.9340264790599052,-9.226479576720822e-18,0.0659735209400948,-0.013733483816917818,0.012827437534741937,1.2671170795401818e-19,9.226479576720822e-18,-9.226479576720822e-18,0.9328712206502983,0.06712877934970174,0.0
11.53846153846154,0.9343098957982638,-6.8114347210776385e-18,0.06569010420173615,-0.011790785806987855,0.01101624785870647,8.03121678345065e-20,6.8114347210776385e-18,-6.8114347210776385e-18,0.9331574368707705,0.06684256312922954,0.0
11.627906976744187,0.9345914785361038,-4.7667778266663596e-18,0.0654085214638962,-0.01010173482272661,0.009440995283751709,4.815272556383663e-20,4.7667778266663596e-18,-4.7667778266663596e-18,0.9334412854537739,0.06655871454622608,0.0
11.718750000000002,0.934871221644583,-3.0936114349908865e-18,0.06512877835541697,-0.008636536327707047,0.008074049267461308,2.671808754210872e-20,3.0936114349908865e-18,-3.0936114349908865e-18,0.9337228064329396,0.06627719356706041,0.0
11.811023622047246,0.9351490978202378,-1.791886645593967e-18,0.0648509021797622,-0.007368395101887513,0.006890548031913167,1.3203328782532232e-20,1.791886645593967e-18,-1.791886645593967e-18,0.9340020403918177,0.06599795960818233,0.0
11.904761904761907,0.93542505572025,-8.603721791598103e-19,0.06457494427974997,-0.00627328607428497,0.005868188975587087,5.397360810225451e-21,8.603721791598103e-19,-8.603721791598103e-19,0.934279028470404,0.065720971529596,0.0
12.000000000000004,0.9356990178020694,-2.966349271175906e-19,0.06430098219793057,-0.005329732144355833,0.00498702513262187,1.5809847061972724e-21,2.966349271175906e-19,-2.966349271175906e-19,0.934553812372311,0.06544618762768895,0.0
12.09677419354839,0.9359708784715572,-9.703565137952616e-20,0.06402912152844276,-0.004518590490325847,0.004229269110683507,4.384643715461011e-22,9.703565137952616e-20,-9.703565137952616e-20,0.9348264343725933,0.06517356562740673,0.0
12.195121951219514,0.9362405026598818,-2.5674361751106396e-19,0.06375949734011821,-0.003822848532152218,0.003579105631334784,9.814919613416214e-22,2.5674361751106396e-19,-2.5674361751106396e-19,0.9350969373262539,0.06490306267374613,0.0
12.295081967213118,0.9365077249658921,-7.697738904673159e-19,0.06349227503410793,-0.0032274304171778343,0.0030225135174769334,2.484391668443534e-21,7.697738904673159e-19,-7.697738904673159e-19,0.9353653646774577,0.06463463532254232,0.0
12.396694214876035,0.9367723495170199,-1.6290507550725501e-18,0.06322765048298007,-0.0027190146283318974,0.002547097721753618,4.4294128333373866e-21,1.6290507550725501e-18,-1.6290507550725501e-18,0.935631760469469,0.06436823953053095,0.0
12.500000000000002,0.9370341507156286,-2.8265002054443455e-18,0.06296584928437143,-0.0022858630778056894,0.002141931767763867,6.460992459035425e-21,2.8265002054443455e-18,-2.8265002054443455e-18,,,0.0
12.605042016806724,0.9372928750544881,-4.353173638763518e-18,0.0627071249455119,-0.001917661842744488,0.001797410781968269,8.347914981897977e-21,4.353173638763518e-18,-4.353173638763518e-18,,,0.0
12.711864406779664,0.9375482441963434,-6.1994037608094555e-18,0.06245175580365659,-0.0016053735224754032,0.0015051151272761133,9.952358652737937e-21,6.1994037608094555e-18,-6.1994037608094555e-18,,,0.0
12.820512820512823,0.9377999595225435,-8.354992233039495e-18,0.06220004047745654,-0.0013411010475802387,0.0012576845081363885,1.1204888836254025e-20,8.354992233039495e-18,-8.354992233039495e-18,,,0.0
12.931034482758623,0.9380477083621676,-1.080942675568913e-17,0.06195229163783246,-0.0011179626478874153,0.0010487022998852907,1.2084535357935293e-20,1.080942675568913e-17,-1.080942675568913e-17,,,0.0
13.043478260869566,0.938291172114698,-1.3552123084118864e-17,0.06170882788530198,-0.0009299775871748933,0.0008725897603107293,1.2603170726866034e-20,1.3552123084118864e-17,-1.3552123084118864e-17,,,0.0
13.157894736842108,0.9385300364719735,-1.6572684937347315e-17,0.061469963528026486,-0.0007719621948900609,0.0007245097069251535,1.2793486239456083e-20,1.6572684937347315e-17,-1.6572684937347315e-17,,,0.0
13.274336283185843,0.9387640039334836,-1.986117192063653e-17,0.06123599606651644,-0.0006394356672878522,0.0006002791872810229,1.2699941720190973e-20,1.986117192063653e-17,-1.986117192063653e-17,,,0.0
13.392857142857144,0.9389928087857543,-2.340836251456756e-17,0.061007191214245714,-0.0005285350698463742,0.0004962906297768218,1.2372140516626214e-20,2.340836251456756e-17,-2.340836251456756e-17,,,0.0
13.513513513513518,0.9392162346781694,-2.7205995989066388e-17,0.060783765321830635,-0.0004359389474620535,0.0004094409367848742,1.186015325613045e-20,2.7205995989066388e-17,-2.7205995989066388e-17,,,0.0
13.636363636363638,0.9394341348815927,-3.124697390485477e-17,0.06056586511840737,-0.00035879893664807476,0.0003370679686464195,1.121138101053203e-20,3.124697390485477e-17,-3.124697390485477e-17,,,0.0
13.761467889908259,0.9396464552472414,-3.5525498868864444e-17,0.060353544752758594,-0.0002946787727734585,0.0002768938642731876,1.0468610408841863e-20,3.5525498868864444e-17,-3.5525498868864444e-17,,,0.0
13.888888888888893,0.9398532598002243,-4.003712559087937e-17,0.06014674019977577,-0.00024150009342021217,0.0002269746500430451,9.668969570474135e-21,4.003712559087937e-17,-4.003712559087937e-17,,,0.0
14.01869158878505,0.9400547587937017,-4.477869736341399e-17,0.059945241206298336,-0.00019749445448840914,0.00018565560177719514,8.84354440848901e-21,4.477869736341399e-17,-4.477869736341399e-17,,,0.0
14.150943396226417,0.9402513389171127,-4.9748140103910795e-17,0.05974866108288739,-0.00016116099718318765,0.0001515318433827092,8.017459867155192e-21,4.9748140103910795e-17,-4.9748140103910795e-17,,,0.0
14.28571428571429,0.9404435952033587,-5.494408643238349e-17,0.059556404796641316,-0.00013122923007601378,0.00012341368892845514,7.21027015975164e-21,5.494408643238349e-17,-5.494408643238349e-17,,,0.0
14.423076923076927,0.9406323639764251,-6.036530428955162e-17,0.05936763602357493,-0.00010662641980885488,0.0001002962613271459,6.4365362770670005e-21,6.036530428955162e-17,-6.036530428955162e-17,,,0.0
14.563106796116507,0.9408187559860678,-6.600990868149757e-17,0.05918124401393228,-8.644911562004084e-05,8.133294941374257e-05,5.706498227675121e-21,6.600990868149757e-17,-6.600990868149757e-17,,,0.0
14.70588235294118,0.9410041886034711,-7.18743417323414e-17,0.058995811396528944,-6.993836579372568e-05,6.58122951559776e-05,5.026774003259736e-21,7.18743417323414e-17,-7.18743417323414e-17,,,0.0
14.851485148514856,0.941190415682833,-7.795211566090545e-17,0.05880958431716706,-5.645821757920303e-05,5.3137933272081926e-05,4.4010375067426e-21,7.795211566090545e-17,-7.795211566090545e-17,,,0.0
15.000000000000004,0.9413795533650793,-8.423232594327617e-17,0.0586204466349208,-4.5477125445315694e-05,4.281123604003897e-05,3.8306440534730896e-21,8.423232594327617e-17,-8.423232594327617e-17,,,0.0
