wavelength_um,reflectance_groove,transmittance_groove,absorptance_groove,emissivity_proxy_groove,raw_transmittance_groove,signed_transmittance_groove,reflectance_flat,transmittance_flat,absorptance_flat,emissivity_proxy_flat,raw_transmittance_flat,signed_transmittance_flat,delta_R,delta_A,energy_error_groove
5.0,0.8103102070422132,-1.757053763152295e-05,0.18970736349541828,0.18970736349541828,1.757053763152295e-05,-1.757053763152295e-05,0.8419574604555389,-6.00250574444474e-16,0.15804253954446174,0.15804253954446174,6.00250574444474e-16,-6.00250574444474e-16,-0.03164725341332564,0.031664823950956544,0.0
5.027932960893855,0.8214194048884322,-1.2945574110715288e-05,0.17859354068567848,0.17859354068567848,1.2945574110715288e-05,-1.2945574110715288e-05,0.8432271616203865,-5.826070543061699e-16,0.15677283837961412,0.15677283837961412,5.826070543061699e-16,-5.826070543061699e-16,-0.02180775673195423,0.021820702306064366,0.0
5.056179775280899,0.8265171401575705,-9.59460218452663e-06,0.17349245444461403,0.17349245444461403,9.59460218452663e-06,-9.59460218452663e-06,0.8444910939218023,-5.632692505318027e-16,0.15550890607819823,0.15550890607819823,5.632692505318027e-16,-5.632692505318027e-16,-0.01797395376423183,0.017983548366415802,0.0
5.084745762711864,0.8255882550627098,-7.152759659334497e-06,0.17441889769694952,0.17441889769694952,7.152759659334497e-06,-7.152759659334497e-06,0.8457483993287161,-5.423855789439779e-16,0.1542516006712844,0.1542516006712844,5.423855789439779e-16,-5.423855789439779e-16,-0.02016014426600632,0.02016729702566511,0.0
5.113636363636363,0.8201020450150946,-5.363153767479017e-06,0.17990331813867283,0.17990331813867283,5.363153767479017e-06,-5.363153767479017e-06,0.8469983794893904,-5.201139799489536e-16,0.15300162051061014,0.15300162051061014,5.201139799489536e-16,-5.201139799489536e-16,-0.026896334474295736,0.026901697628062687,0.0
5.142857142857142,0.8123393497261455,-4.043948286546398e-06,0.18766469422214102,0.18766469422214102,4.043948286546398e-06,-4.043948286546398e-06,0.8482406470996353,-4.966205656591598e-16,0.15175935290036519,0.15175935290036519,4.966205656591598e-16,-4.966205656591598e-16,-0.03590129737348979,0.035905341321775835,0.0
5.1724137931034475,0.8046818593968603,-3.0657900002123847e-06,0.19532120639313988,0.19532120639313988,3.0657900002123847e-06,-3.0657900002123847e-06,0.8494751538478759,-4.720781882228452e-16,0.1505248461521246,0.1505248461521246,4.720781882228452e-16,-4.720781882228452e-16,-0.04479329445101554,0.04479636024101527,0.0
5.202312138728323,0.7990331870551061,-2.3362329176090845e-06,0.20096914917781156,0.20096914917781156,2.3362329176090845e-06,-2.3362329176090845e-06,0.8507021503268051,-4.466649762531588e-16,0.14929784967319537,0.14929784967319537,4.466649762531588e-16,-4.466649762531588e-16,-0.05166896327169901,0.051671299504616186,0.0
5.232558139534883,0.796471833798608,-1.7889199273447919e-06,0.20352995512131936,0.20352995512131936,1.7889199273447919e-06,-1.7889199273447919e-06,0.8519221137499998,-4.2056286826833006e-16,0.1480778862500006,0.1480778862500006,4.2056286826833006e-16,-4.2056286826833006e-16,-0.055450279951391845,0.05545206887131876,0.0
5.2631578947368425,0.7971622813562411,-1.3760172101044993e-06,0.20283909466096897,0.20283909466096897,1.3760172101044993e-06,-1.3760172101044993e-06,0.853135665970881,-3.9395616050666544e-16,0.14686433402911941,0.14686433402911941,3.9395616050666544e-16,-3.9395616050666544e-16,-0.055973384614639854,0.05597476063184956,0.0
5.294117647058823,0.80048860008432,-1.0628885219970264e-06,0.199512462804202,0.199512462804202,1.0628885219970264e-06,-1.0628885219970264e-06,0.8543434952391482,-3.670300795654555e-16,0.14565650476085215,0.14565650476085215,3.670300795654555e-16,-3.670300795654555e-16,-0.05385489515482822,0.05385595804334986,0.0
5.325443786982248,0.805335017152162,-8.243250608746226e-07,0.19466580717289883,0.19466580717289883,8.243250608746226e-07,-8.243250608746226e-07,0.8555462890076277,-3.3996938651511573e-16,0.14445371099237259,0.14445371099237259,3.3996938651511573e-16,-3.3996938651511573e-16,-0.0502112718554657,0.050212096180526244,0.0
5.357142857142857,0.8104228333206498,-6.418658954351712e-07,0.18957780854524564,0.18957780854524564,6.418658954351712e-07,-6.418658954351712e-07,0.8567446810521492,-3.1295701746178137e-16,0.14325531894785112,0.14325531894785112,3.1295701746178137e-16,-3.1295701746178137e-16,-0.04632184773149939,0.04632248959739452,0.0
5.389221556886228,0.8146201840841802,-5.018900753900722e-07,0.18538031780589515,0.18538031780589515,5.018900753900722e-07,-5.018900753900722e-07,0.8579392135683006,-2.861727651798478e-16,0.14206078643169967,0.14206078643169967,2.861727651798478e-16,-2.861727651798478e-16,-0.043319029484120364,0.043319531374195475,0.0
5.421686746987951,0.8171639346947708,-3.9425900062747323e-07,0.18283645956422986,0.18283645956422986,3.9425900062747323e-07,-3.9425900062747323e-07,0.8591303133172158,-2.597920067902545e-16,0.14086968668278446,0.14086968668278446,2.597920067902545e-16,-2.597920067902545e-16,-0.04196637862244501,0.0419667728814454,0.0
5.454545454545454,0.8177634153019799,-3.1135293187623926e-07,0.18223689605095195,0.18223689605095195,3.1135293187623926e-07,-3.1135293187623926e-07,0.8603182800132412,-2.339844831623283e-16,0.13968171998675905,0.13968171998675905,2.339844831623283e-16,-2.339844831623283e-16,-0.04255486471126124,0.0425551760641929,0.0
5.48780487804878,0.8165860188756633,-2.4738978708469484e-07,0.18341422851412378,0.18341422851412378,2.4738978708469484e-07,-2.4738978708469484e-07,0.861503284740586,-2.0891313641267885e-16,0.1384967152594142,0.1384967152594142,2.0891313641267885e-16,-2.0891313641267885e-16,-0.04491726586492273,0.04491751325470958,0.0
5.521472392638037,0.814148911181683,-1.979449726499401e-07,0.18585128676328969,0.18585128676328969,1.979449726499401e-07,-1.979449726499401e-07,0.8626853760997157,-1.8473301244712603e-16,0.13731462390028445,0.13731462390028445,1.8473301244712603e-16,-1.8473301244712603e-16,-0.04853646491803276,0.04853666286300523,0.0
5.555555555555555,0.811155723355352,-1.5961276254603952e-07,0.18884443625741051,0.18884443625741051,1.5961276254603952e-07,-1.5961276254603952e-07,0.8638644918982442,-1.6159023577993915e-16,0.13613550810175595,0.13613550810175595,1.6159023577993915e-16,-1.6159023577993915e-16,-0.05270876854289219,0.05270892815565456,0.0
5.590062111801242,0.8083211848242835,-1.2976571811844613e-07,0.19167894494143461,0.19167894494143461,1.2976571811844613e-07,-1.2976571811844613e-07,0.8650404744321919,-1.3962106387471572e-16,0.13495952556780824,0.13495952556780824,1.3962106387471572e-16,-1.3962106387471572e-16,-0.056719289607908396,0.05671941937362637,0.0
5.625,0.8062214794450532,-1.063807143489102e-07,0.19377862693566117,0.19377862693566117,1.063807143489102e-07,-1.063807143489102e-07,0.8662130876922333,-1.1895102795003238e-16,0.13378691230776685,0.13378691230776685,1.1895102795003238e-16,-1.1895102795003238e-16,-0.059991608247180084,0.05999171462789432,0.0
5.660377358490566,0.8051964427922431,-8.790941979541626e-08,0.19480364511717668,0.19480364511717668,8.790941979541626e-08,-8.790941979541626e-08,0.8673820351395375,-9.969416663174688e-17,0.13261796486046262,0.13261796486046262,9.969416663174688e-17,-9.969416663174688e-17,-0.06218559234729437,0.06218568025671406,0.0
5.696202531645569,0.8053150152319569,-7.317821694798546e-08,0.19468505794626004,0.19468505794626004,7.317821694798546e-08,-7.317821694798546e-08,0.8685469769961235,-8.195235804138624e-17,0.1314530230038766,0.1314530230038766,8.195235804138624e-17,-8.195235804138624e-17,-0.06323196176416657,0.06323203494238344,0.0
5.732484076433121,0.8064009850672795,-6.13079378283358e-08,0.1935990762406583,0.1935990762406583,6.13079378283358e-08,-6.13079378283358e-08,0.8697075462740806,-6.581475495653432e-17,0.1302924537259194,0.1302924537259194,6.581475495653432e-17,-6.581475495653432e-17,-0.06330656120680112,0.0633066225147389,0.0
5.769230769230769,0.808104673714686,-5.164769262271481e-08,0.19189537793300665,0.19189537793300665,5.164769262271481e-08,-5.164769262271481e-08,0.8708633630148453,-5.135732660024819e-17,0.1291366369851547,0.1291366369851547,5.135732660024819e-17,-5.135732660024819e-17,-0.06275868930015938,0.06275874094785194,0.0
5.806451612903226,0.8099994643408399,-4.371971009254848e-08,0.1900005793788702,0.1900005793788702,4.371971009254848e-08,-4.371971009254848e-08,0.8720140464198323,-3.8642509480490735e-17,0.12798595358016776,0.12798595358016776,3.8642509480490735e-17,-3.8642509480490735e-17,-0.06201458207899235,0.06201462579870243,0.0
5.8441558441558445,0.8116804472438487,-3.717370782955855e-08,0.18831958992985914,0.18831958992985914,3.717370782955855e-08,-3.717370782955855e-08,0.8731592247285168,-2.7718968538016535e-17,0.1268407752714832,0.1268407752714832,2.7718968538016535e-17,-2.7718968538016535e-17,-0.06147877748466812,0.06147881465837593,0.0
5.88235294117647,0.8128454152807053,-3.175009794804876e-08,0.18715461646939263,0.18715461646939263,3.175009794804876e-08,-3.175009794804876e-08,0.8742985428385396,-1.8621468717964336e-17,0.12570145716146044,0.12570145716146044,1.8621468717964336e-17,-1.8621468717964336e-17,-0.061453127557834275,0.06145315930793219,0.0
5.921052631578947,0.8133447076333888,-2.72515433631532e-08,0.1866553196181545,0.1866553196181545,2.72515433631532e-08,-2.72515433631532e-08,0.875431667769494,-1.1370855981737158e-17,0.12456833223050602,0.12456833223050602,1.1370855981737158e-17,-1.1370855981737158e-17,-0.06208696013610515,0.06208698738764849,0.0
5.960264900662252,0.813194294736765,-2.3522234816464093e-08,0.18680572878546986,0.18680572878546986,2.3522234816464093e-08,-2.3522234816464093e-08,0.876558292148824,-5.9741457434455e-18,0.12344170785117603,0.12344170785117603,5.9741457434455e-18,-5.9741457434455e-18,-0.063363997412059,0.06336402093429383,0.0
5.999999999999999,0.8125543159776989,-2.0433955811011788e-08,0.1874457044562569,0.1874457044562569,2.0433955811011788e-08,-2.0433955811011788e-08,0.8776781359515639,-2.4247157648487896e-18,0.12232186404843615,0.12232186404843615,2.4247157648487896e-18,-2.4247157648487896e-18,-0.06512381997386496,0.06512384040782077,0.0
6.040268456375839,0.8116815956576047,-1.787769741973063e-08,0.18831842222009276,0.18831842222009276,1.787769741973063e-08,-1.787769741973063e-08,0.878790946755947,-7.02599680824783e-19,0.12120905324405296,0.12120905324405296,7.02599680824783e-19,-7.02599680824783e-19,-0.06710935109834237,0.06710936897603981,0.0
6.081081081081081,0.8108685266688787,-1.5759384287353256e-08,0.18913148909050564,0.18913148909050564,1.5759384287353256e-08,-1.5759384287353256e-08,0.8798964987906316,-7.748765592972037e-19,0.12010350120936841,0.12010350120936841,7.748765592972037e-19,-7.748765592972037e-19,-0.06902797212175293,0.06902798788113723,0.0
6.122448979591836,0.8103817562631047,-1.3998232968491639e-08,0.18961825773512825,0.18961825773512825,1.3998232968491639e-08,-1.3998232968491639e-08,0.8809945910476387,-2.5961512236047526e-18,0.11900540895236134,0.11900540895236134,2.5961512236047526e-18,-2.5961512236047526e-18,-0.07061283478453395,0.07061284878276691,0.0
6.164383561643836,0.8104125203146707,-1.2526393571825041e-08,0.18958749221172286,0.18958749221172286,1.2526393571825041e-08,-1.2526393571825041e-08,0.8820850447237527,-6.109119479153788e-18,0.11791495527624729,0.11791495527624729,6.109119479153788e-18,-6.109119479153788e-18,-0.071672524409082,0.07167253693547557,0.0
6.206896551724138,0.8110468810605491,-1.1288798072191326e-08,0.18895313022824894,0.18895313022824894,1.1288798072191326e-08,-1.1288798072191326e-08,0.8831677002317635,-1.1245211885074152e-17,0.11683229976823652,0.11683229976823652,1.1245211885074152e-17,-1.1245211885074152e-17,-0.07212081917121438,0.07212083046001243,0.0
6.25,0.8122594306110169,-1.0242501646527213e-08,0.18774057963148474,0.18774057963148474,1.0242501646527213e-08,-1.0242501646527213e-08,0.8842424139972282,-1.792530928965968e-17,0.11575758600277176,0.11575758600277176,1.792530928965968e-17,-1.792530928965968e-17,-0.07198298338621134,0.07198299362871298,0.0
6.293706293706294,0.8139292109599436,-9.355193959505877e-09,0.18607079839525031,0.18607079839525031,9.355193959505877e-09,-9.355193959505877e-09,0.8853090552264365,-2.6060523000013537e-17,0.11469094477356348,0.11469094477356348,2.6060523000013537e-17,-2.6060523000013537e-17,-0.07137984426649291,0.07137985362168683,0.0
6.338028169014084,0.8158725536186847,-8.602913938874476e-09,0.18412745498422922,0.18412745498422922,8.602913938874476e-09,-8.602913938874476e-09,0.8863675027994313,-3.555303217582363e-17,0.11363249720056871,0.11363249720056871,3.555303217582363e-17,-3.555303217582363e-17,-0.07049494918074661,0.07049495778366051,0.0
6.382978723404255,0.817884902247905,-7.967274352743626e-09,0.18211510571936934,0.18211510571936934,7.967274352743626e-09,-7.967274352743626e-09,0.8874176424105179,-4.629697081972009e-17,0.11258235758948214,0.11258235758948214,4.629697081972009e-17,-4.629697081972009e-17,-0.0695327401626129,0.0695327481298872,0.0
6.428571428571429,0.8197827729249698,-7.432659952116047e-09,0.18021723450769014,0.18021723450769014,7.432659952116047e-09,-7.432659952116047e-09,0.8884593640476023,-5.817935657799133e-17,0.11154063595239777,0.11154063595239777,5.817935657799133e-17,-5.817935657799133e-17,-0.06867659112263247,0.06867659855529237,0.0
6.474820143884893,0.8214378130460145,-6.983894973967949e-09,0.17856219393788048,0.17856219393788048,6.983894973967949e-09,-6.983894973967949e-09,0.8894925598732503,-7.108105346311193e-17,0.1105074401267498,0.1105074401267498,7.108105346311193e-17,-7.108105346311193e-17,-0.06805474682723578,0.06805475381113067,0.0
6.521739130434783,0.8227971265306796,-6.604793034534079e-09,0.17720288007411344,0.17720288007411344,6.604793034534079e-09,-6.604793034534079e-09,0.8905171225441816,-8.487776056016178e-17,0.1094828774558185,0.1094828774558185,8.487776056016178e-17,-8.487776056016178e-17,-0.06771999601350198,0.06772000261829494,0.0
6.56934306569343,0.823887111613767,-6.277832518864919e-09,0.1761128946640655,0.1761128946640655,6.277832518864919e-09,-6.277832518864919e-09,0.8915329439831459,-9.944101878295014e-17,0.10846705601685423,0.10846705601685423,9.944101878295014e-17,-9.944101878295014e-17,-0.06764583236937882,0.06764583864721126,0.0
6.617647058823529,0.8248013776672941,-5.98498232436323e-09,0.1751986283176882,0.1751986283176882,5.98498232436323e-09,-5.98498232436323e-09,0.8925399145977401,-1.146392278004142e-16,0.10746008540226004,0.10746008540226004,1.146392278004142e-16,-1.146392278004142e-16,-0.06773853693044596,0.06773854291542816,0.0
6.666666666666667,0.8256762537737558,-5.709479391192137e-09,0.17432375193572364,0.17432375193572364,5.709479391192137e-09,-5.709479391192137e-09,0.8935379229244754,-1.303386653600711e-16,0.1064620770755247,0.1064620770755247,1.303386653600711e-16,-1.303386653600711e-16,-0.06786166915071967,0.06786167486019894,0.0
6.716417910447761,0.8266594768968715,-5.438171460315693e-09,0.1733405285413,0.1733405285413,5.438171460315693e-09,-5.438171460315693e-09,0.8945268556642322,-1.4640450139234487e-16,0.10547314433576797,0.10547314433576797,1.4640450139234487e-16,-1.4640450139234487e-16,-0.06786737876736071,0.06786738420553202,0.0
6.7669172932330826,0.8278785465482579,-5.1639181281528096e-09,0.17212145861566025,0.17212145861566025,5.1639181281528096e-09,-5.1639181281528096e-09,0.895506598065243,-1.6270179948739015e-16,0.10449340193475715,0.10449340193475715,1.6270179948739015e-16,-1.6270179948739015e-16,-0.06762805151698514,0.0676280566809031,0.0
6.818181818181818,0.8294148793241342,-4.8875100897555044e-09,0.17058512556337593,0.17058512556337593,4.8875100897555044e-09,-4.8875100897555044e-09,0.8964770346040184,-1.7909649859331036e-16,0.10352296539598178,0.10352296539598178,1.7909649859331036e-16,-1.7909649859331036e-16,-0.06706215527988424,0.06706216016739415,0.0
6.870229007633588,0.8312884380041877,-4.618625364947022e-09,0.16871156661443765,0.16871156661443765,4.618625364947022e-09,-4.618625364947022e-09,0.8974380499093604,-1.9545636809141414e-16,0.10256195009063981,0.10256195009063981,1.9545636809141414e-16,-1.9545636809141414e-16,-0.06614961190517266,0.06614961652379783,0.0
6.923076923076923,0.8334552764344072,-4.375482628572756e-09,0.16654472794107542,0.16654472794107542,4.375482628572756e-09,-4.375482628572756e-09,0.8983895298743146,-2.1165192975707748e-16,0.10161047012568557,0.10161047012568557,2.1165192975707748e-16,-2.1165192975707748e-16,-0.06493425343990744,0.06493425781538985,0.0
6.976744186046512,0.835817878326455,-4.183053508421881e-09,0.16418212585659847,0.16418212585659847,4.183053508421881e-09,-4.183053508421881e-09,0.8993313628992442,-2.275573405123296e-16,0.10066863710075602,0.10066863710075602,2.275573405123296e-16,-2.275573405123296e-16,-0.06351348457278916,0.06351348875584245,0.0
7.03125,0.8382457528628744,-4.069927299077329e-09,0.16175425120705292,0.16175425120705292,4.069927299077329e-09,-4.069927299077329e-09,0.9002634412123967,-2.4305123031517754e-16,0.0997365587876036,0.0997365587876036,2.4305123031517754e-16,-2.4305123031517754e-16,-0.06201768834952226,0.06201769241944932,0.0
7.086614173228347,0.8406019095427398,-4.0641486073828064e-09,0.15939809452140877,0.15939809452140877,4.0641486073828064e-09,-4.0641486073828064e-09,0.9011856622150106,-2.58017490006263e-16,0.09881433778498964,0.09881433778498964,2.58017490006263e-16,-2.58017490006263e-16,-0.060583752672270785,0.06058375673641912,0.0
7.142857142857142,0.842769875567961,-4.188537921028839e-09,0.15723012862057692,0.15723012862057692,4.188537921028839e-09,-4.188537921028839e-09,0.9020979298030591,-2.723460044411952e-16,0.09790207019694114,0.09790207019694114,2.723460044411952e-16,-2.723460044411952e-16,-0.05932805423509813,0.05932805842363578,0.0
7.199999999999999,0.8446759807851849,-4.456129856959383e-09,0.15532402367094494,0.15532402367094494,4.456129856959383e-09,-4.456129856959383e-09,0.9030001556208194,-2.8593332677236997e-16,0.09699984437918092,0.09699984437918092,2.8593332677236997e-16,-2.8593332677236997e-16,-0.05832417483563446,0.05832417929176402,0.0
7.258064516129032,0.8463026733074522,-4.8664064014720945e-09,0.15369733155895415,0.15369733155895415,4.8664064014720945e-09,-4.8664064014720945e-09,0.9038922602062986,-2.986832902998915e-16,0.09610773979370166,0.09610773979370166,2.986832902998915e-16,-2.986832902998915e-16,-0.05758958689884641,0.057589591765252496,0.0
7.317073170731708,0.8476904290065522,-5.402957129043542e-09,0.1523095763964049,0.1523095763964049,5.402957129043542e-09,-5.402957129043542e-09,0.9047741739935897,-3.105075548832357e-16,0.09522582600641058,0.09522582600641058,3.105075548832357e-16,-3.105075548832357e-16,-0.0570837449870375,0.05708375038999433,0.0
7.3770491803278695,0.8489280372694329,-6.033071854269867e-09,0.15107196876363896,0.15107196876363896,6.033071854269867e-09,-6.033071854269867e-09,0.9056458381418797,-3.2132608548538607e-16,0.09435416185812061,0.09435416185812061,3.2132608548538607e-16,-3.2132608548538607e-16,-0.05671780087244682,0.05671780690551835,0.0
7.43801652892562,0.8501332741762543,-6.7095812430265456e-09,0.14986673253332697,0.14986673253332697,6.7095812430265456e-09,-6.7095812430265456e-09,0.906507205166871,-3.3106756100455655e-16,0.09349279483312933,0.09349279483312933,3.3106756100455655e-16,-3.3106756100455655e-16,-0.056373930990616716,0.056373937700197635,0.0
7.5,0.8514278075501632,-7.375033823666385e-09,0.1485721998248706,0.1485721998248706,7.375033823666385e-09,-7.375033823666385e-09,0.9073582393549608,-3.3966971212867184e-16,0.09264176064503948,0.09264176064503948,3.3966971212867184e-16,-3.3966971212867184e-16,-0.05593043180479762,0.05593043917983112,0.0
7.563025210084034,0.852911284978719,-7.968064429861926e-09,0.1470887229893454,0.1470887229893454,7.968064429861926e-09,-7.968064429861926e-09,0.9081989169472167,-3.470795875182135e-16,0.09180108305278369,0.09180108305278369,3.470795875182135e-16,-3.470795875182135e-16,-0.05528763196849762,0.0552876399365617,0.0
7.627118644067796,0.8546397348740514,-8.43160038235964e-09,0.14536027355754896,0.14536027355754896,8.43160038235964e-09,-8.43160038235964e-09,0.9090292260851924,-3.532537481784773e-16,0.09097077391480791,0.09097077391480791,3.532537481784773e-16,-3.532537481784773e-16,-0.054389491211141006,0.05438949964274105,0.0
7.692307692307692,0.8566126253040843,-8.722394458481309e-09,0.14338738341831012,0.14338738341831012,8.722394458481309e-09,-8.722394458481309e-09,0.9098491665171602,-3.5815839041921304e-16,0.09015083348284017,0.09015083348284017,3.5815839041921304e-16,-3.5815839041921304e-16,-0.05323654121307586,0.053236549935469946,0.0
7.758620689655173,0.8587713103599321,-8.821286670071357e-09,0.14122869846135452,0.14122869846135452,8.821286670071357e-09,-8.821286670071357e-09,0.9106587490691437,-3.617693983102334e-16,0.08934125093085668,0.08934125093085668,3.617693983102334e-16,-3.617693983102334e-16,-0.05188743870921153,0.05188744753049784,0.0
7.82608695652174,0.8610094334629831,-8.743588166651715e-09,0.13899057528060507,0.13899057528060507,8.743588166651715e-09,-8.743588166651715e-09,0.9114579948919441,-3.640723270258128e-16,0.08854200510805624,0.08854200510805624,3.640723270258128e-16,-3.640723270258128e-16,-0.050448561428961036,0.050448570172548834,0.0
7.894736842105265,0.8631935380212601,-8.549046483577926e-09,0.13680647052778638,0.13680647052778638,8.549046483577926e-09,-8.549046483577926e-09,0.9122469345007791,-3.6506231892236506e-16,0.08775306549922127,0.08775306549922127,3.6506231892236506e-16,-3.6506231892236506e-16,-0.04905339647951901,0.04905340502856512,0.0
7.964601769911504,0.8651900824345455,-8.350976892360599e-09,0.13480992591643134,0.13480992591643134,8.350976892360599e-09,-8.350976892360599e-09,0.9130256066319662,-3.647439546125924e-16,0.08697439336803417,0.08697439336803417,3.647439546125924e-16,-3.647439546125924e-16,-0.047835524197420654,0.047835532548397175,0.0
8.035714285714286,0.8668936573859689,-8.324305770205638e-09,0.13310635093833686,0.13310635093833686,8.324305770205638e-09,-8.324305770205638e-09,0.913794056945825,-3.631310416813359e-16,0.08620594305417531,0.08620594305417531,3.631310416813359e-16,-3.631310416813359e-16,-0.04690039955985614,0.046900407884161555,0.0
8.108108108108109,0.8682507429494825,-8.712439251361696e-09,0.13174926576295679,0.13174926576295679,8.712439251361696e-09,-8.712439251361696e-09,0.9145523366123834,-3.602463440344661e-16,0.08544766338761692,0.08544766338761692,3.602463440344661e-16,-3.602463440344661e-16,-0.046301593662900986,0.04630160237533987,0.0
8.181818181818182,0.8692739474028647,-9.833013644849847e-09,0.13072606243014898,0.13072606243014898,9.833013644849847e-09,-9.833013644849847e-09,0.9153005008218728,-3.5612125518121627e-16,0.08469949917812761,0.08469949917812761,3.5612125518121627e-16,-3.5612125518121627e-16,-0.046026553419008076,0.04602656325202137,0.0
8.256880733944953,0.8700432776857474,-1.2082676899563294e-08,0.12995673439692948,0.12995673439692948,1.2082676899563294e-08,-1.2082676899563294e-08,0.9160386072672992,-3.507954190212312e-16,0.0839613927327011,0.0839613927327011,3.507954190212312e-16,-3.507954190212312e-16,-0.045995329581551836,0.045995341664228376,0.0
8.333333333333334,0.8706933564858668,-1.5941074990145173e-08,0.12930665945520822,0.12930665945520822,1.5941074990145173e-08,-1.5941074990145173e-08,0.9167667146515854,-3.4431630194452045e-16,0.08323328534841491,0.08323328534841491,3.4431630194452045e-16,-3.4431630194452045e-16,-0.04607335816571867,0.04607337410679331,0.0
8.41121495327103,0.8713882241059019,-2.1974167699169945e-08,0.12861179786826582,0.12861179786826582,2.1974167699169945e-08,-2.1974167699169945e-08,0.9174848812758415,-3.367387202521113e-16,0.08251511872415884,0.08251511872415884,3.367387202521113e-16,-3.367387202521113e-16,-0.0460966571699396,0.04609667914410698,0.0
8.49056603773585,0.8722879550842259,-3.083688291989482e-08,0.12771207575265706,0.12771207575265706,3.083688291989482e-08,-3.083688291989482e-08,0.9181931637685105,-3.281243270745564e-16,0.08180683623148988,0.08180683623148988,3.281243270745564e-16,-3.281243270745564e-16,-0.045905208684284604,0.04590523952116718,0.0
8.571428571428571,0.8735132811052414,-4.327495894827799e-08,0.12648676216971755,0.12648676216971755,4.327495894827799e-08,-4.327495894827799e-08,0.9188916160173015,-3.185410631005226e-16,0.0811083839826988,0.0811083839826988,3.185410631005226e-16,-3.185410631005226e-16,-0.045378334912060114,0.045378378187018745,0.0
8.653846153846155,0.8751153232216148,-6.012565312433702e-08,0.12488473690403834,0.12488473690403834,6.012565312433702e-08,-6.012565312433702e-08,0.9195802883664492,-3.0806257553669836e-16,0.08041971163355108,0.08041971163355108,3.0806257553669836e-16,-3.0806257553669836e-16,-0.044464965144834445,0.04446502527048726,0.0
8.737864077669904,0.8770571386228647,-8.231685221607239e-08,0.12294294369398749,0.12294294369398749,8.231685221607239e-08,-8.231685221607239e-08,0.9202592271415063,-2.967676098003096e-16,0.07974077285849397,0.07974077285849397,2.967676098003096e-16,-2.967676098003096e-16,-0.0432020885186416,0.04320217083549352,0.0
8.823529411764707,0.8792120417149938,-1.1086404539732857e-07,0.12078806914905162,0.12078806914905162,1.1086404539732857e-07,-1.1086404539732857e-07,0.9209284745603511,-2.847393785011247e-16,0.0790715254396492,0.0790715254396492,2.847393785011247e-16,-2.847393785011247e-16,-0.04171643284535731,0.04171654370940242,0.0
8.910891089108912,0.8813807752055142,-1.4686464861990496e-07,0.11861937165913446,0.11861937165913446,1.4686464861990496e-07,-1.4686464861990496e-07,0.9215880690853602,-2.720649123027754e-16,0.0784119309146401,0.0784119309146401,2.720649123027754e-16,-2.720649123027754e-16,-0.04020729387984601,0.04020744074449435,0.0
9.0,0.8833260263188675,-1.9148932066888611e-07,0.11667416517045319,0.11667416517045319,1.9148932066888611e-07,-1.9148932066888611e-07,0.9222380462628822,-2.588343972632698e-16,0.07776195373711807,0.07776195373711807,2.588343972632698e-16,-2.588343972632698e-16,-0.03891201994401472,0.03891221143333512,0.0
9.090909090909092,0.884819124046138,-2.459701886267761e-07,0.11518112192405058,0.11518112192405058,2.459701886267761e-07,-2.459701886267761e-07,0.9228784400873236,-2.451405032432481e-16,0.07712155991267669,0.07712155991267669,2.451405032432481e-16,-2.451405032432481e-16,-0.03805931604118551,0.03805956201137389,0.0
9.183673469387756,0.8856907143159183,-3.115862842226247e-07,0.11430959727036594,0.11430959727036594,3.115862842226247e-07,-3.115862842226247e-07,0.923509284911899,-2.3107770794006213e-16,0.07649071508810125,0.07649071508810125,2.3107770794006213e-16,-2.3107770794006213e-16,-0.037818570595980705,0.03781888218226469,0.0
9.278350515463918,0.8858754511150292,-3.896469406094448e-07,0.11412493853191143,0.11412493853191143,3.896469406094448e-07,-3.896469406094448e-07,0.9241306179116981,-2.167416210505407e-16,0.07586938208830207,0.07586938208830207,2.167416210505407e-16,-2.167416210505407e-16,-0.03825516679666896,0.038255556443609354,0.0
9.375,0.8854407568359978,-4.814743504301485e-07,0.11455972463835266,0.11455972463835266,4.814743504301485e-07,-4.814743504301485e-07,0.9247424820820715,-2.02228312991429e-16,0.07525751791792866,0.07525751791792866,2.02228312991429e-16,-2.02228312991429e-16,-0.03930172524607378,0.039302206720424004,0.0
9.473684210526317,0.8845917096676206,-5.8838686740933e-07,0.11540887871924684,0.11540887871924684,5.8838686740933e-07,-5.8838686740933e-07,0.9253449297287935,-1.8763365250586487e-16,0.07465507027120674,0.07465507027120674,1.8763365250586487e-16,-1.8763365250586487e-16,-0.04075322006117288,0.040753808448040094,0.0
9.574468085106384,0.8836479695955916,-7.116848699363509e-07,0.11635274208927839,0.11635274208927839,7.116848699363509e-07,-7.116848699363509e-07,0.9259380263752621,-1.7305265735982515e-16,0.07406197362473804,0.07406197362473804,1.7305265735982515e-16,-1.7305265735982515e-16,-0.04229005677967057,0.04229076846454034,0.0
9.67741935483871,0.8829938406437662,-8.526410310695879e-07,0.11700701199726489,0.11700701199726489,8.526410310695879e-07,-8.526410310695879e-07,0.9265218549744213,-1.5857886217953217e-16,0.07347814502557885,0.07347814502557885,1.5857886217953217e-16,-1.5857886217953217e-16,-0.04352801433065512,0.04352886697168604,0.0
9.782608695652174,0.8830082369023042,-1.0124966125450973e-06,0.11699277559430832,0.11699277559430832,1.0124966125450973e-06,-1.0124966125450973e-06,0.9270965202712916,-1.4430370729793367e-16,0.0729034797287085,0.0729034797287085,1.4430370729793367e-16,-1.4430370729793367e-16,-0.0440882833689874,0.044089295865599815,0.0
9.890109890109892,0.8839864075404423,-1.1924649114449103e-06,0.11601478492446911,0.11601478492446911,1.1924649114449103e-06,-1.1924649114449103e-06,0.9276621531153992,-1.303159522655181e-16,0.07233784688460089,0.07233784688460089,1.303159522655181e-16,-1.303159522655181e-16,-0.0436757455749569,0.04367693803986822,0.0
10.0,0.8860686701721794,-1.3937422678463356e-06,0.11393272357008846,0.11393272357008846,1.3937422678463356e-06,-1.3937422678463356e-06,0.9282189144712643,-1.1670111743313432e-16,0.07178108552873586,0.07178108552873586,1.1670111743313432e-16,-1.1670111743313432e-16,-0.04215024429908487,0.04215163804135261,0.0
10.112359550561798,0.8891921552481603,-1.6175261610632394e-06,0.11080946227800076,0.11080946227800076,1.6175261610632394e-06,-1.6175261610632394e-06,0.9287669988225487,-1.03540956737663e-16,0.07123300117745145,0.07123300117745145,1.03540956737663e-16,-1.03540956737663e-16,-0.03957484357438834,0.03957646110054931,0.0
10.227272727272728,0.8930791056686427,-1.8650389848022799e-06,0.10692275937034212,0.10692275937034212,1.8650389848022799e-06,-1.8650389848022799e-06,0.9293066366120462,-9.091296451072747e-17,0.07069336338795394,0.07069336338795394,9.091296451072747e-17,-9.091296451072747e-17,-0.036227530943403474,0.03622939598238818,0.0
10.344827586206899,0.8972695881168626,-2.1375552176982624e-06,0.10273254943835507,0.10273254943835507,2.1375552176982624e-06,-2.1375552176982624e-06,0.9298380953103962,-7.888991879494244e-17,0.0701619046896039,0.0701619046896039,7.888991879494244e-17,-7.888991879494244e-17,-0.03256850719353355,0.03257064474875117,0.0
10.465116279069768,0.9011981930446099,-2.43642900602924e-06,0.09880424338439613,0.09880424338439613,2.43642900602924e-06,-2.43642900602924e-06,0.9303616786634248,-6.753946329264161e-17,0.06963832133657528,0.06963832133657528,6.753946329264161e-17,-6.753946329264161e-17,-0.029163485618814877,0.02916592204782084,0.0
10.588235294117647,0.904304712672194,-2.76311871849217e-06,0.09569805044652446,0.09569805044652446,2.76311871849217e-06,-2.76311871849217e-06,0.930877723639937,-5.692372969896809e-17,0.06912227636006302,0.06912227636006302,5.692372969896809e-17,-5.692372969896809e-17,-0.026573010967743005,0.026575774086461446,0.0
10.714285714285715,0.9061596832956328,-3.1192048069525224e-06,0.09384343590917417,0.09384343590917417,3.1192048069525224e-06,-3.1192048069525224e-06,0.9313865945920462,-4.709900179331164e-17,0.06861340540795384,0.06861340540795384,4.709900179331164e-17,-4.709900179331164e-17,-0.025226911296413412,0.02523003050122033,0.0
10.843373493975905,0.9065790936112861,-3.5063971800329957e-06,0.09342441278589396,0.09342441278589396,3.5063971800329957e-06,-3.5063971800329957e-06,0.9318886741610112,-3.811542229275103e-17,0.06811132583898886,0.06811132583898886,3.811542229275103e-17,-3.811542229275103e-17,-0.025309580549725097,0.025313086946905095,0.0
10.975609756097562,0.9057003989031698,-3.926527977542815e-06,0.09430352762480776,0.09430352762480776,3.926527977542815e-06,-3.926527977542815e-06,0.9323843505197819,-3.0016743123671854e-17,0.06761564948021817,0.06761564948021817,3.0016743123671854e-17,-3.0016743123671854e-17,-0.026683951616612078,0.02668787814458959,0.0
11.11111111111111,0.9039955919428492,-4.381524639067631e-06,0.09600878958178989,0.09600878958178989,4.381524639067631e-06,-4.381524639067631e-06,0.9328740006531974,-2.2840119456693007e-17,0.06712599934680266,0.06712599934680266,2.2840119456693007e-17,-2.2840119456693007e-17,-0.02887840871034819,0.02888279023498723,0.0
11.250000000000002,0.9022068570727211,-4.873355781145193e-06,0.09779801628306006,0.09779801628306006,4.873355781145193e-06,-4.873355781145193e-06,0.9333579695486726,-1.6615947593988884e-17,0.06664203045132745,0.06664203045132745,1.6615947593988884e-17,-1.6615947593988884e-17,-0.03115111247595148,0.03115598583173261,0.0
11.392405063291141,0.9012054097858662,-5.403937669043631e-06,0.09879999415180288,0.09879999415180288,5.403937669043631e-06,-5.403937669043631e-06,0.9338365454183887,-1.1367746608463889e-17,0.06616345458161134,0.06616345458161134,1.1367746608463889e-17,-1.1367746608463889e-17,-0.03263113563252251,0.03263653957019154,0.0
11.53846153846154,0.9017922751024791,-5.974980722976907e-06,0.09821369987824392,0.09821369987824392,5.974980722976907e-06,-5.974980722976907e-06,0.934309931412086,-7.112083526514813e-18,0.06569006858791406,0.06569006858791406,7.112083526514813e-18,-7.112083526514813e-18,-0.0325176563096069,0.03252363129032987,0.0
11.688311688311689,0.9044775567605533,-6.587741881163507e-06,0.09552903098132787,0.09552903098132787,6.587741881163507e-06,-6.587741881163507e-06,0.9347782147185101,-3.858541824972404e-18,0.06522178528148992,0.06522178528148992,3.858541824972404e-18,-3.858541824972404e-18,-0.030300657957956778,0.030307245699837948,0.0
11.842105263157896,0.9092880216942858,-7.2426275597592046e-06,0.09071922093327396,0.09071922093327396,7.2426275597592046e-06,-7.2426275597592046e-06,0.9352413345024133,-1.6097330804055382e-18,0.06475866549758669,0.06475866549758669,1.6097330804055382e-18,-1.6097330804055382e-18,-0.025953312808127516,0.025960555435687274,0.0
12.000000000000004,0.9156573857602159,-7.93856038383298e-06,0.0843505528001679,0.0843505528001679,7.93856038383298e-06,-7.93856038383298e-06,0.9356990507887814,-3.613517554823142e-19,0.06430094921121865,0.06430094921121865,3.613517554823142e-19,-3.613517554823142e-19,-0.020041665028565414,0.02004960358894925,0.0
12.162162162162163,0.9224462775414085,-8.67197647325243e-06,0.07756239443506474,0.07756239443506474,8.67197647325243e-06,-8.67197647325243e-06,0.9361509171799256,-1.0227331179532344e-19,0.0638490828200744,0.0638490828200744,1.0227331179532344e-19,-1.0227331179532344e-19,-0.013704639638517091,0.013713311614990342,0.0
12.328767123287673,0.9281181330451701,-9.435252355938218e-06,0.07189130220718584,0.07189130220718584,9.435252355938218e-06,-9.435252355938218e-06,0.9365962611585242,-8.146960676445076e-19,0.06340373884147577,0.06340373884147577,8.146960676445076e-19,-8.146960676445076e-19,-0.008478128113354133,0.008487563365710077,0.0
12.500000000000002,0.9310646510756733,-1.021426154800977e-05,0.06894556318587475,0.06894556318587475,1.021426154800977e-05,-1.021426154800977e-05,0.9370341766630668,-2.4743274252579523e-18,0.06296582333693324,0.06296582333693324,2.4743274252579523e-18,-2.4743274252579523e-18,-0.005969525587393498,0.005979739848941512,0.0
12.676056338028172,0.9300345616851058,-1.0984614851730634e-05,0.06997642292974594,0.06997642292974594,1.0984614851730634e-05,-1.0984614851730634e-05,0.9374635345597631,-5.050615208430817e-18,0.06253646544023694,0.06253646544023694,5.050615208430817e-18,-5.050615208430817e-18,-0.007428972874657269,0.007439957489509,0.0
12.85714285714286,0.9245800727351683,-1.1705920894452947e-05,0.07543163318572617,0.07543163318572617,1.1705920894452947e-05,-1.1705920894452947e-05,0.9378830174997523,-8.507024807994254e-18,0.06211698250024767,0.06211698250024767,8.507024807994254e-18,-8.507024807994254e-18,-0.013302944764584046,0.013314650685478498,0.0
13.043478260869566,0.9154064166041609,-1.2313075706532972e-05,0.08460589647154565,0.08460589647154565,1.2313075706532972e-05,-1.2313075706532972e-05,0.9382911863235387,-1.2801362537449018e-17,0.06170881367646132,0.06170881367646132,1.2801362537449018e-17,-1.2801362537449018e-17,-0.022884769719377807,0.02289708279508433,0.0
13.235294117647062,0.9045018873888332,-1.2703091560689034e-05,0.0955108157027275,0.0955108157027275,1.2703091560689034e-05,-1.2703091560689034e-05,0.9386865854938066,-1.7886144975733123e-17,0.06131341450619345,0.06131341450619345,1.7886144975733123e-17,-1.7886144975733123e-17,-0.03418469810497338,0.03419740119653405,0.0
13.432835820895527,0.8949472330894674,-1.2715210939401159e-05,0.10506548212147196,0.10506548212147196,1.2715210939401159e-05,-1.2715210939401159e-05,0.9390678947991979,-2.370901303362386e-17,0.06093210520080208,0.06093210520080208,2.370901303362386e-17,-2.370901303362386e-17,-0.0441206617097305,0.04413337692066988,0.0
13.636363636363638,0.8903582201107548,-1.2100872972569832e-05,0.10965388076221774,0.10965388076221774,1.2100872972569832e-05,-1.2100872972569832e-05,0.9394341335124264,-3.0213187960632363e-17,0.06056586648757359,0.06056586648757359,3.0213187960632363e-17,-3.0213187960632363e-17,-0.04907591340167161,0.049088014274644154,0.0
13.846153846153847,0.8940003868385349,-1.0478274952942731e-05,0.10601009143641806,0.10601009143641806,1.0478274952942731e-05,-1.0478274952942731e-05,0.9397849209916529,-3.7337964513494445e-17,0.06021507900834714,0.06021507900834714,3.7337964513494445e-17,-3.7337964513494445e-17,-0.045784534153118006,0.045795012428070915,0.0
14.062500000000004,0.9077182878309424,-7.2634369651411055e-06,0.0922889756060227,0.0922889756060227,7.2634369651411055e-06,-7.2634369651411055e-06,0.9401207940384328,-4.501923402059563e-17,0.05987920596156719,0.05987920596156719,4.501923402059563e-17,-4.501923402059563e-17,-0.03240250620749041,0.03240976964445551,0.0
14.28571428571429,0.9309217003381234,-1.5652613775585992e-06,0.06907986492325417,0.06907986492325417,1.5652613775585992e-06,-1.5652613775585992e-06,0.9404435757446818,-5.319002725880813e-17,0.05955642425531821,0.05955642425531821,5.319002725880813e-17,-5.319002725880813e-17,-0.009521875406558467,0.009523440667935965,0.0
14.516129032258068,0.9599402413045484,7.97482263272233e-06,0.04005178387281892,0.04005178387281892,-7.97482263272233e-06,7.97482263272233e-06,0.9407567826890023,-6.178106409165623e-17,0.05924321731099775,0.05924321731099775,6.178106409165623e-17,-6.178106409165623e-17,0.019183458615546045,-0.019191433438178827,0.0
14.754098360655739,0.9880654397228176,2.3428861381225245e-05,0.011911131415801201,0.011911131415801201,-2.3428861381225245e-05,2.3428861381225245e-05,0.941066046758803,-7.072129397820634e-17,0.05893395324119706,0.05893395324119706,7.072129397820634e-17,-7.072129397820634e-17,0.046999392964014564,-0.047022821825395855,0.0
15.000000000000004,1.0065204273872714,4.796129198727847e-05,-0.006568388679258711,-0.006568388679258711,-4.796129198727847e-05,4.796129198727847e-05,0.9413795142187331,-7.993840928170175e-17,0.05862048578126697,0.05862048578126697,7.993840928170175e-17,-7.993840928170175e-17,0.06514091316853832,-0.06518887446052568,0.0
