period_um,top_width_um,bottom_width_um,depth_um,tilt_angle_deg,wavelength_um,reflectance,transmittance,absorptance,emissivity_proxy
10.0,4.0,4.0,3.0,0.0,5.0,0.8103102070422132,-1.757053763152295e-05,0.18970736349541828,0.18970736349541828
10.0,4.0,4.0,3.0,0.0,5.027932960893855,0.8214194048884322,-1.2945574110715288e-05,0.17859354068567848,0.17859354068567848
10.0,4.0,4.0,3.0,0.0,5.056179775280899,0.8265171401575705,-9.59460218452663e-06,0.17349245444461403,0.17349245444461403
10.0,4.0,4.0,3.0,0.0,5.084745762711864,0.8255882550627098,-7.152759659334497e-06,0.17441889769694952,0.17441889769694952
10.0,4.0,4.0,3.0,0.0,5.113636363636363,0.8201020450150946,-5.363153767479017e-06,0.17990331813867283,0.17990331813867283
10.0,4.0,4.0,3.0,0.0,5.142857142857142,0.8123393497261455,-4.043948286546398e-06,0.18766469422214102,0.18766469422214102
10.0,4.0,4.0,3.0,0.0,5.1724137931034475,0.8046818593968603,-3.0657900002123847e-06,0.19532120639313988,0.19532120639313988
10.0,4.0,4.0,3.0,0.0,5.202312138728323,0.7990331870551061,-2.3362329176090845e-06,0.20096914917781156,0.20096914917781156
10.0,4.0,4.0,3.0,0.0,5.232558139534883,0.796471833798608,-1.7889199273447919e-06,0.20352995512131936,0.20352995512131936
10.0,4.0,4.0,3.0,0.0,5.2631578947368425,0.7971622813562411,-1.3760172101044993e-06,0.20283909466096897,0.20283909466096897
10.0,4.0,4.0,3.0,0.0,5.294117647058823,0.80048860008432,-1.0628885219970264e-06,0.199512462804202,0.199512462804202
10.0,4.0,4.0,3.0,0.0,5.325443786982248,0.805335017152162,-8.243250608746226e-07,0.19466580717289883,0.19466580717289883
10.0,4.0,4.0,3.0,0.0,5.357142857142857,0.8104228333206498,-6.418658954351712e-07,0.18957780854524564,0.18957780854524564
10.0,4.0,4.0,3.0,0.0,5.389221556886228,0.8146201840841802,-5.018900753900722e-07,0.18538031780589515,0.18538031780589515
10.0,4.0,4.0,3.0,0.0,5.421686746987951,0.8171639346947708,-3.9425900062747323e-07,0.18283645956422986,0.18283645956422986
10.0,4.0,4.0,3.0,0.0,5.454545454545454,0.8177634153019799,-3.1135293187623926e-07,0.18223689605095195,0.18223689605095195
10.0,4.0,4.0,3.0,0.0,5.48780487804878,0.8165860188756633,-2.4738978708469484e-07,0.18341422851412378,0.18341422851412378
10.0,4.0,4.0,3.0,0.0,5.521472392638037,0.814148911181683,-1.979449726499401e-07,0.18585128676328969,0.18585128676328969
10.0,4.0,4.0,3.0,0.0,5.555555555555555,0.811155723355352,-1.5961276254603952e-07,0.18884443625741051,0.18884443625741051
10.0,4.0,4.0,3.0,0.0,5.590062111801242,0.8083211848242835,-1.2976571811844613e-07,0.19167894494143461,0.19167894494143461
10.0,4.0,4.0,3.0,0.0,5.625,0.8062214794450532,-1.063807143489102e-07,0.19377862693566117,0.19377862693566117
10.0,4.0,4.0,3.0,0.0,5.660377358490566,0.8051964427922431,-8.790941979541626e-08,0.19480364511717668,0.19480364511717668
10.0,4.0,4.0,3.0,0.0,5.696202531645569,0.8053150152319569,-7.317821694798546e-08,0.19468505794626004,0.19468505794626004
10.0,4.0,4.0,3.0,0.0,5.732484076433121,0.8064009850672795,-6.13079378283358e-08,0.1935990762406583,0.1935990762406583
10.0,4.0,4.0,3.0,0.0,5.769230769230769,0.808104673714686,-5.164769262271481e-08,0.19189537793300665,0.19189537793300665
10.0,4.0,4.0,3.0,0.0,5.806451612903226,0.8099994643408399,-4.371971009254848e-08,0.1900005793788702,0.1900005793788702
10.0,4.0,4.0,3.0,0.0,5.8441558441558445,0.8116804472438487,-3.717370782955855e-08,0.18831958992985914,0.18831958992985914
10.0,4.0,4.0,3.0,0.0,5.88235294117647,0.8128454152807053,-3.175009794804876e-08,0.18715461646939263,0.18715461646939263
10.0,4.0,4.0,3.0,0.0,5.921052631578947,0.8133447076333888,-2.72515433631532e-08,0.1866553196181545,0.1866553196181545
10.0,4.0,4.0,3.0,0.0,5.960264900662252,0.813194294736765,-2.3522234816464093e-08,0.18680572878546986,0.18680572878546986
10.0,4.0,4.0,3.0,0.0,5.999999999999999,0.8125543159776989,-2.0433955811011788e-08,0.1874457044562569,0.1874457044562569
10.0,4.0,4.0,3.0,0.0,6.040268456375839,0.8116815956576047,-1.787769741973063e-08,0.18831842222009276,0.18831842222009276
10.0,4.0,4.0,3.0,0.0,6.081081081081081,0.8108685266688787,-1.5759384287353256e-08,0.18913148909050564,0.18913148909050564
10.0,4.0,4.0,3.0,0.0,6.122448979591836,0.8103817562631047,-1.3998232968491639e-08,0.18961825773512825,0.18961825773512825
10.0,4.0,4.0,3.0,0.0,6.164383561643836,0.8104125203146707,-1.2526393571825041e-08,0.18958749221172286,0.18958749221172286
10.0,4.0,4.0,3.0,0.0,6.206896551724138,0.8110468810605491,-1.1288798072191326e-08,0.18895313022824894,0.18895313022824894
10.0,4.0,4.0,3.0,0.0,6.25,0.8122594306110169,-1.0242501646527213e-08,0.18774057963148474,0.18774057963148474
10.0,4.0,4.0,3.0,0.0,6.293706293706294,0.8139292109599436,-9.355193959505877e-09,0.18607079839525031,0.18607079839525031
10.0,4.0,4.0,3.0,0.0,6.338028169014084,0.8158725536186847,-8.602913938874476e-09,0.18412745498422922,0.18412745498422922
10.0,4.0,4.0,3.0,0.0,6.382978723404255,0.817884902247905,-7.967274352743626e-09,0.18211510571936934,0.18211510571936934
10.0,4.0,4.0,3.0,0.0,6.428571428571429,0.8197827729249698,-7.432659952116047e-09,0.18021723450769014,0.18021723450769014
10.0,4.0,4.0,3.0,0.0,6.474820143884893,0.8214378130460145,-6.983894973967949e-09,0.17856219393788048,0.17856219393788048
10.0,4.0,4.0,3.0,0.0,6.521739130434783,0.8227971265306796,-6.604793034534079e-09,0.17720288007411344,0.17720288007411344
10.0,4.0,4.0,3.0,0.0,6.56934306569343,0.823887111613767,-6.277832518864919e-09,0.1761128946640655,0.1761128946640655
10.0,4.0,4.0,3.0,0.0,6.617647058823529,0.8248013776672941,-5.98498232436323e-09,0.1751986283176882,0.1751986283176882
10.0,4.0,4.0,3.0,0.0,6.666666666666667,0.8256762537737558,-5.709479391192137e-09,0.17432375193572364,0.17432375193572364
10.0,4.0,4.0,3.0,0.0,6.716417910447761,0.8266594768968715,-5.438171460315693e-09,0.1733405285413,0.1733405285413
10.0,4.0,4.0,3.0,0.0,6.7669172932330826,0.8278785465482579,-5.1639181281528096e-09,0.17212145861566025,0.17212145861566025
10.0,4.0,4.0,3.0,0.0,6.818181818181818,0.8294148793241342,-4.8875100897555044e-09,0.17058512556337593,0.17058512556337593
10.0,4.0,4.0,3.0,0.0,6.870229007633588,0.8312884380041877,-4.618625364947022e-09,0.16871156661443765,0.16871156661443765
10.0,4.0,4.0,3.0,0.0,6.923076923076923,0.8334552764344072,-4.375482628572756e-09,0.16654472794107542,0.16654472794107542
10.0,4.0,4.0,3.0,0.0,6.976744186046512,0.835817878326455,-4.183053508421881e-09,0.16418212585659847,0.16418212585659847
10.0,4.0,4.0,3.0,0.0,7.03125,0.8382457528628744,-4.069927299077329e-09,0.16175425120705292,0.16175425120705292
10.0,4.0,4.0,3.0,0.0,7.086614173228347,0.8406019095427398,-4.0641486073828064e-09,0.15939809452140877,0.15939809452140877
10.0,4.0,4.0,3.0,0.0,7.142857142857142,0.842769875567961,-4.188537921028839e-09,0.15723012862057692,0.15723012862057692
10.0,4.0,4.0,3.0,0.0,7.199999999999999,0.8446759807851849,-4.456129856959383e-09,0.15532402367094494,0.15532402367094494
10.0,4.0,4.0,3.0,0.0,7.258064516129032,0.8463026733074522,-4.8664064014720945e-09,0.15369733155895415,0.15369733155895415
10.0,4.0,4.0,3.0,0.0,7.317073170731708,0.8476904290065522,-5.402957129043542e-09,0.1523095763964049,0.1523095763964049
10.0,4.0,4.0,3.0,0.0,7.3770491803278695,0.8489280372694329,-6.033071854269867e-09,0.15107196876363896,0.15107196876363896
10.0,4.0,4.0,3.0,0.0,7.43801652892562,0.8501332741762543,-6.7095812430265456e-09,0.14986673253332697,0.14986673253332697
10.0,4.0,4.0,3.0,0.0,7.5,0.8514278075501632,-7.375033823666385e-09,0.1485721998248706,0.1485721998248706
10.0,4.0,4.0,3.0,0.0,7.563025210084034,0.852911284978719,-7.968064429861926e-09,0.1470887229893454,0.1470887229893454
10.0,4.0,4.0,3.0,0.0,7.627118644067796,0.8546397348740514,-8.43160038235964e-09,0.14536027355754896,0.14536027355754896
10.0,4.0,4.0,3.0,0.0,7.692307692307692,0.8566126253040843,-8.722394458481309e-09,0.14338738341831012,0.14338738341831012
10.0,4.0,4.0,3.0,0.0,7.758620689655173,0.8587713103599321,-8.821286670071357e-09,0.14122869846135452,0.14122869846135452
10.0,4.0,4.0,3.0,0.0,7.82608695652174,0.8610094334629831,-8.743588166651715e-09,0.13899057528060507,0.13899057528060507
10.0,4.0,4.0,3.0,0.0,7.894736842105265,0.8631935380212601,-8.549046483577926e-09,0.13680647052778638,0.13680647052778638
10.0,4.0,4.0,3.0,0.0,7.964601769911504,0.8651900824345455,-8.350976892360599e-09,0.13480992591643134,0.13480992591643134
10.0,4.0,4.0,3.0,0.0,8.035714285714286,0.8668936573859689,-8.324305770205638e-09,0.13310635093833686,0.13310635093833686
10.0,4.0,4.0,3.0,0.0,8.108108108108109,0.8682507429494825,-8.712439251361696e-09,0.13174926576295679,0.13174926576295679
10.0,4.0,4.0,3.0,0.0,8.181818181818182,0.8692739474028647,-9.833013644849847e-09,0.13072606243014898,0.13072606243014898
10.0,4.0,4.0,3.0,0.0,8.256880733944953,0.8700432776857474,-1.2082676899563294e-08,0.12995673439692948,0.12995673439692948
10.0,4.0,4.0,3.0,0.0,8.333333333333334,0.8706933564858668,-1.5941074990145173e-08,0.12930665945520822,0.12930665945520822
10.0,4.0,4.0,3.0,0.0,8.41121495327103,0.8713882241059019,-2.1974167699169945e-08,0.12861179786826582,0.12861179786826582
10.0,4.0,4.0,3.0,0.0,8.49056603773585,0.8722879550842259,-3.083688291989482e-08,0.12771207575265706,0.12771207575265706
10.0,4.0,4.0,3.0,0.0,8.571428571428571,0.8735132811052414,-4.327495894827799e-08,0.12648676216971755,0.12648676216971755
10.0,4.0,4.0,3.0,0.0,8.653846153846155,0.8751153232216148,-6.012565312433702e-08,0.12488473690403834,0.12488473690403834
10.0,4.0,4.0,3.0,0.0,8.737864077669904,0.8770571386228647,-8.231685221607239e-08,0.12294294369398749,0.12294294369398749
10.0,4.0,4.0,3.0,0.0,8.823529411764707,0.8792120417149938,-1.1086404539732857e-07,0.12078806914905162,0.12078806914905162
10.0,4.0,4.0,3.0,0.0,8.910891089108912,0.8813807752055142,-1.4686464861990496e-07,0.11861937165913446,0.11861937165913446
10.0,4.0,4.0,3.0,0.0,9.0,0.8833260263188675,-1.9148932066888611e-07,0.11667416517045319,0.11667416517045319
10.0,4.0,4.0,3.0,0.0,9.090909090909092,0.884819124046138,-2.459701886267761e-07,0.11518112192405058,0.11518112192405058
10.0,4.0,4.0,3.0,0.0,9.183673469387756,0.8856907143159183,-3.115862842226247e-07,0.11430959727036594,0.11430959727036594
10.0,4.0,4.0,3.0,0.0,9.278350515463918,0.8858754511150292,-3.896469406094448e-07,0.11412493853191143,0.11412493853191143
10.0,4.0,4.0,3.0,0.0,9.375,0.8854407568359978,-4.814743504301485e-07,0.11455972463835266,0.11455972463835266
10.0,4.0,4.0,3.0,0.0,9.473684210526317,0.8845917096676206,-5.8838686740933e-07,0.11540887871924684,0.11540887871924684
10.0,4.0,4.0,3.0,0.0,9.574468085106384,0.8836479695955916,-7.116848699363509e-07,0.11635274208927839,0.11635274208927839
10.0,4.0,4.0,3.0,0.0,9.67741935483871,0.8829938406437662,-8.526410310695879e-07,0.11700701199726489,0.11700701199726489
10.0,4.0,4.0,3.0,0.0,9.782608695652174,0.8830082369023042,-1.0124966125450973e-06,0.11699277559430832,0.11699277559430832
10.0,4.0,4.0,3.0,0.0,9.890109890109892,0.8839864075404423,-1.1924649114449103e-06,0.11601478492446911,0.11601478492446911
10.0,4.0,4.0,3.0,0.0,10.0,0.8860686701721794,-1.3937422678463356e-06,0.11393272357008846,0.11393272357008846
10.0,4.0,4.0,3.0,0.0,10.112359550561798,0.8891921552481603,-1.6175261610632394e-06,0.11080946227800076,0.11080946227800076
10.0,4.0,4.0,3.0,0.0,10.227272727272728,0.8930791056686427,-1.8650389848022799e-06,0.10692275937034212,0.10692275937034212
10.0,4.0,4.0,3.0,0.0,10.344827586206899,0.8972695881168626,-2.1375552176982624e-06,0.10273254943835507,0.10273254943835507
10.0,4.0,4.0,3.0,0.0,10.465116279069768,0.9011981930446099,-2.43642900602924e-06,0.09880424338439613,0.09880424338439613
10.0,4.0,4.0,3.0,0.0,10.588235294117647,0.904304712672194,-2.76311871849217e-06,0.09569805044652446,0.09569805044652446
10.0,4.0,4.0,3.0,0.0,10.714285714285715,0.9061596832956328,-3.1192048069525224e-06,0.09384343590917417,0.09384343590917417
10.0,4.0,4.0,3.0,0.0,10.843373493975905,0.9065790936112861,-3.5063971800329957e-06,0.09342441278589396,0.09342441278589396
10.0,4.0,4.0,3.0,0.0,10.975609756097562,0.9057003989031698,-3.926527977542815e-06,0.09430352762480776,0.09430352762480776
10.0,4.0,4.0,3.0,0.0,11.11111111111111,0.9039955919428492,-4.381524639067631e-06,0.09600878958178989,0.09600878958178989
10.0,4.0,4.0,3.0,0.0,11.250000000000002,0.9022068570727211,-4.873355781145193e-06,0.09779801628306006,0.09779801628306006
10.0,4.0,4.0,3.0,0.0,11.392405063291141,0.9012054097858662,-5.403937669043631e-06,0.09879999415180288,0.09879999415180288
10.0,4.0,4.0,3.0,0.0,11.53846153846154,0.9017922751024791,-5.974980722976907e-06,0.09821369987824392,0.09821369987824392
10.0,4.0,4.0,3.0,0.0,11.688311688311689,0.9044775567605533,-6.587741881163507e-06,0.09552903098132787,0.09552903098132787
10.0,4.0,4.0,3.0,0.0,11.842105263157896,0.9092880216942858,-7.2426275597592046e-06,0.09071922093327396,0.09071922093327396
10.0,4.0,4.0,3.0,0.0,12.000000000000004,0.9156573857602159,-7.93856038383298e-06,0.0843505528001679,0.0843505528001679
10.0,4.0,4.0,3.0,0.0,12.162162162162163,0.9224462775414085,-8.67197647325243e-06,0.07756239443506474,0.07756239443506474
10.0,4.0,4.0,3.0,0.0,12.328767123287673,0.9281181330451701,-9.435252355938218e-06,0.07189130220718584,0.07189130220718584
10.0,4.0,4.0,3.0,0.0,12.500000000000002,0.9310646510756733,-1.021426154800977e-05,0.06894556318587475,0.06894556318587475
10.0,4.0,4.0,3.0,0.0,12.676056338028172,0.9300345616851058,-1.0984614851730634e-05,0.06997642292974594,0.06997642292974594
10.0,4.0,4.0,3.0,0.0,12.85714285714286,0.9245800727351683,-1.1705920894452947e-05,0.07543163318572617,0.07543163318572617
10.0,4.0,4.0,3.0,0.0,13.043478260869566,0.9154064166041609,-1.2313075706532972e-05,0.08460589647154565,0.08460589647154565
10.0,4.0,4.0,3.0,0.0,13.235294117647062,0.9045018873888332,-1.2703091560689034e-05,0.0955108157027275,0.0955108157027275
10.0,4.0,4.0,3.0,0.0,13.432835820895527,0.8949472330894674,-1.2715210939401159e-05,0.10506548212147196,0.10506548212147196
10.0,4.0,4.0,3.0,0.0,13.636363636363638,0.8903582201107548,-1.2100872972569832e-05,0.10965388076221774,0.10965388076221774
10.0,4.0,4.0,3.0,0.0,13.846153846153847,0.8940003868385349,-1.0478274952942731e-05,0.10601009143641806,0.10601009143641806
10.0,4.0,4.0,3.0,0.0,14.062500000000004,0.9077182878309424,-7.2634369651411055e-06,0.0922889756060227,0.0922889756060227
10.0,4.0,4.0,3.0,0.0,14.28571428571429,0.9309217003381234,-1.5652613775585992e-06,0.06907986492325417,0.06907986492325417
10.0,4.0,4.0,3.0,0.0,14.516129032258068,0.9599402413045484,7.97482263272233e-06,0.04005178387281892,0.04005178387281892
10.0,4.0,4.0,3.0,0.0,14.754098360655739,0.9880654397228176,2.3428861381225245e-05,0.011911131415801201,0.011911131415801201
10.0,4.0,4.0,3.0,0.0,15.000000000000004,1.0065204273872714,4.796129198727847e-05,-0.006568388679258711,-0.006568388679258711
10.0,4.0,4.0,3.0,10.0,5.0,0.8070097823714976,-1.6490546035047276e-05,0.1930067081745375,0.1930067081745375
10.0,4.0,4.0,3.0,10.0,5.027932960893855,0.8178347894897983,-1.2160632187274544e-05,0.18217737114238902,0.18217737114238902
10.0,4.0,4.0,3.0,10.0,5.056179775280899,0.8227052888099897,-9.020446008273106e-06,0.17730373163601856,0.17730373163601856
10.0,4.0,4.0,3.0,10.0,5.084745762711864,0.8216277671177086,-6.729882871521015e-06,0.17837896276516294,0.17837896276516294
10.0,4.0,4.0,3.0,10.0,5.113636363636363,0.8160608238907077,-5.049384938076489e-06,0.18394422549423042,0.18394422549423042
10.0,4.0,4.0,3.0,10.0,5.142857142857142,0.8082550970108785,-3.80929768090559e-06,0.1917487122868024,0.1917487122868024
10.0,4.0,4.0,3.0,10.0,5.1724137931034475,0.8005570540594554,-2.8888548271929127e-06,0.19944583479537176,0.19944583479537176
10.0,4.0,4.0,3.0,10.0,5.202312138728323,0.7948420569002778,-2.2016791950237746e-06,0.20516014477891725,0.20516014477891725
10.0,4.0,4.0,3.0,10.0,5.232558139534883,0.7921743883757268,-1.6857125720633795e-06,0.2078272973368452,0.2078272973368452
10.0,4.0,4.0,3.0,10.0,5.2631578947368425,0.7927198691120528,-1.2961730992883416e-06,0.20728142706104646,0.20728142706104646
10.0,4.0,4.0,3.0,10.0,5.294117647058823,0.7958763548445282,-1.0005968611673508e-06,0.20412464575233294,0.20412464575233294
10.0,4.0,4.0,3.0,10.0,5.325443786982248,0.8005483883808329,-7.753266094884093e-07,0.19945238694577663,0.19945238694577663
10.0,4.0,4.0,3.0,10.0,5.357142857142857,0.8054775040931731,-6.030148858578323e-07,0.19452309892171277,0.19452309892171277
10.0,4.0,4.0,3.0,10.0,5.389221556886228,0.8095465146702375,-4.7084496670321667e-07,0.19045395617472918,0.19045395617472918
10.0,4.0,4.0,3.0,10.0,5.421686746987951,0.8119982614860406,-3.6926381332836045e-07,0.18800210777777274,0.18800210777777274
10.0,4.0,4.0,3.0,10.0,5.454545454545454,0.8125389414069163,-2.9108197368271824e-07,0.1874613496750574,0.1874613496750574
10.0,4.0,4.0,3.0,10.0,5.48780487804878,0.8113257144719179,-2.308365206716047e-07,0.18867451636460275,0.18867451636460275
10.0,4.0,4.0,3.0,10.0,5.521472392638037,0.808862005618171,-1.843415214763936e-07,0.19113817872335045,0.19113817872335045
10.0,4.0,4.0,3.0,10.0,5.555555555555555,0.8058382963598026,-1.483707135876835e-07,0.19416185201091093,0.19416185201091093
10.0,4.0,4.0,3.0,10.0,5.590062111801242,0.8029603299012249,-1.204318732783368e-07,0.19703979053064838,0.19703979053064838
10.0,4.0,4.0,3.0,10.0,5.625,0.8008017395221902,-9.860355503070874e-08,0.1991983590813648,0.1991983590813648
10.0,4.0,4.0,3.0,10.0,5.660377358490566,0.7997068347281642,-8.141349551947441e-08,0.20029324668533136,0.20029324668533136
10.0,4.0,4.0,3.0,10.0,5.696202531645569,0.7997549921447594,-6.774461603711309e-08,0.2002450755998566,0.2002450755998566
10.0,4.0,4.0,3.0,10.0,5.732484076433121,0.8007840698545561,-5.675958195812663e-08,0.19921598690502587,0.19921598690502587
10.0,4.0,4.0,3.0,10.0,5.769230769230769,0.8024591074205718,-4.783852965391303e-08,0.19754094041795786,0.19754094041795786
10.0,4.0,4.0,3.0,10.0,5.806451612903226,0.8043658953012446,-4.052705264667994e-08,0.19563414522580808,0.19563414522580808
10.0,4.0,4.0,3.0,10.0,5.8441558441558445,0.8061072939185404,-3.449305035071134e-08,0.19389274057450995,0.19389274057450995
10.0,4.0,4.0,3.0,10.0,5.88235294117647,0.8073829542356911,-2.9491795095799778e-08,0.19261707525610403,0.19261707525610403
10.0,4.0,4.0,3.0,10.0,5.921052631578947,0.8080391062274289,-2.5338781915703956e-08,0.191960919111353,0.191960919111353
10.0,4.0,4.0,3.0,10.0,5.960264900662252,0.808082719644313,-2.1889798072579687e-08,0.1919173022454851,0.1919173022454851
10.0,4.0,4.0,3.0,10.0,5.999999999999999,0.8076619475732735,-1.9027368768968803e-08,0.1923380714540953,0.1923380714540953
10.0,4.0,4.0,3.0,10.0,6.040268456375839,0.807020943784683,-1.6652448126119093e-08,0.19297907286776508,0.19297907286776508
10.0,4.0,4.0,3.0,10.0,6.081081081081081,0.80644097123145,-1.4680031195046933e-08,0.19355904344858121,0.19355904344858121
10.0,4.0,4.0,3.0,10.0,6.122448979591836,0.8061808192286405,-1.3037317221445871e-08,0.19381919380867674,0.19381919380867674
10.0,4.0,4.0,3.0,10.0,6.164383561643836,0.8064280873362857,-1.1663167004728194e-08,0.19357192432688133,0.19357192432688133
10.0,4.0,4.0,3.0,10.0,6.206896551724138,0.8072694734967878,-1.0507843633639125e-08,0.19273053701105583,0.19273053701105583
10.0,4.0,4.0,3.0,10.0,6.25,0.8086836894958748,-9.532358562187213e-09,0.1913163200364838,0.1913163200364838
10.0,4.0,4.0,3.0,10.0,6.293706293706294,0.8105559676518642,-8.70710559250054e-09,0.18944404105524137,0.18944404105524137
10.0,4.0,4.0,3.0,10.0,6.338028169014084,0.8127091762875049,-8.009796537921653e-09,0.1872908317222916,0.1872908317222916
10.0,4.0,4.0,3.0,10.0,6.382978723404255,0.8149439578770986,-7.422967367546402e-09,0.18505604954586877,0.18505604954586877
10.0,4.0,4.0,3.0,10.0,6.428571428571429,0.817079364596125,-6.931472639268549e-09,0.1829206423353477,0.1829206423353477
10.0,4.0,4.0,3.0,10.0,6.474820143884893,0.8189861858131499,-6.520418992438984e-09,0.18101382070726912,0.18101382070726912
10.0,4.0,4.0,3.0,10.0,6.521739130434783,0.8206072454241673,-6.1739146847430065e-09,0.1793927607497474,0.1793927607497474
10.0,4.0,4.0,3.0,10.0,6.56934306569343,0.8219618897796193,-5.874856860261242e-09,0.1780381160952376,0.1780381160952376
10.0,4.0,4.0,3.0,10.0,6.617647058823529,0.823135083641843,-5.605777245499834e-09,0.1768649219639343,0.1768649219639343
10.0,4.0,4.0,3.0,10.0,6.666666666666667,0.8242543877109967,-5.350560305319233e-09,0.17574561763956362,0.17574561763956362
10.0,4.0,4.0,3.0,10.0,6.716417910447761,0.8254601234818922,-5.096673382137002e-09,0.17453988161478115,0.17453988161478115
10.0,4.0,4.0,3.0,10.0,6.7669172932330826,0.826874939696046,-4.8374361288552235e-09,0.17312506514139014,0.17312506514139014
10.0,4.0,4.0,3.0,10.0,6.818181818181818,0.8285786987858986,-4.573825128656373e-09,0.1714213057879265,0.1714213057879265
10.0,4.0,4.0,3.0,10.0,6.870229007633588,0.8305932367305613,-4.3153638467730736e-09,0.16940676758480255,0.16940676758480255
10.0,4.0,4.0,3.0,10.0,6.923076923076923,0.8328794282793027,-4.0797793113238726e-09,0.1671205758004766,0.1671205758004766
10.0,4.0,4.0,3.0,10.0,6.976744186046512,0.8353465365926726,-3.891294946462192e-09,0.1646534672986224,0.1646534672986224
10.0,4.0,4.0,3.0,10.0,7.03125,0.8378715003919813,-3.777645486650409e-09,0.16212850338566415,0.16212850338566415
10.0,4.0,4.0,3.0,10.0,7.086614173228347,0.8403240247300126,-3.766112946570257e-09,0.1596759790361004,0.1596759790361004
10.0,4.0,4.0,3.0,10.0,7.142857142857142,0.8425923916143659,-3.879061336416991e-09,0.1574076122646954,0.1574076122646954
10.0,4.0,4.0,3.0,10.0,7.199999999999999,0.8446049327369021,-4.129566751100485e-09,0.15539507139266467,0.15539507139266467
10.0,4.0,4.0,3.0,10.0,7.258064516129032,0.8463430709407413,-4.517782036879054e-09,0.1536569335770407,0.1536569335770407
10.0,4.0,4.0,3.0,10.0,7.317073170731708,0.8478435386002481,-5.028635813280478e-09,0.15215646642838773,0.15215646642838773
10.0,4.0,4.0,3.0,10.0,7.3770491803278695,0.849189494283329,-5.63135003482995e-09,0.150810511348021,0.150810511348021
10.0,4.0,4.0,3.0,10.0,7.43801652892562,0.8504923928006609,-6.28108474505518e-09,0.14950761348042382,0.14950761348042382
10.0,4.0,4.0,3.0,10.0,7.5,0.8518682295557003,-6.922807347012703e-09,0.14813177736710706,0.14813177736710706
10.0,4.0,4.0,3.0,10.0,7.563025210084034,0.8534128587492618,-7.49726511654471e-09,0.14658714874800335,0.14658714874800335
10.0,4.0,4.0,3.0,10.0,7.627118644067796,0.8551812807164181,-7.948742641028052e-09,0.14481872723232456,0.14481872723232456
10.0,4.0,4.0,3.0,10.0,7.692307692307692,0.8571750675834413,-8.234135415256175e-09,0.14282494065069412,0.14282494065069412
10.0,4.0,4.0,3.0,10.0,7.758620689655173,0.8593405736191146,-8.332784690946043e-09,0.14065943471367004,0.14065943471367004
10.0,4.0,4.0,3.0,10.0,7.82608695652174,0.8615785259329648,-8.256504780292708e-09,0.13842148232353998,0.13842148232353998
10.0,4.0,4.0,3.0,10.0,7.894736842105265,0.8637633804701381,-8.059289386973843e-09,0.13623662758915125,0.13623662758915125
10.0,4.0,4.0,3.0,10.0,7.964601769911504,0.8657688625868296,-7.846294790731859e-09,0.13423114525946517,0.13423114525946517
10.0,4.0,4.0,3.0,10.0,8.035714285714286,0.8674947632693407,-7.781843046073771e-09,0.13250524451250234,0.13250524451250234
10.0,4.0,4.0,3.0,10.0,8.108108108108109,0.8688896049324657,-8.096340872264045e-09,0.13111040316387518,0.13111040316387518
10.0,4.0,4.0,3.0,10.0,8.181818181818182,0.8699643479053075,-9.092141791998852e-09,0.13003566118683427,0.13003566118683427
10.0,4.0,4.0,3.0,10.0,8.256880733944953,0.8707938248203575,-1.1148466075613374e-08,0.12920618632810857,0.12920618632810857
10.0,4.0,4.0,3.0,10.0,8.333333333333334,0.8715048323107546,-1.472551866500246e-08,0.12849518241476407,0.12849518241476407
10.0,4.0,4.0,3.0,10.0,8.41121495327103,0.8722523989266352,-2.036790393968698e-08,0.12774762144126875,0.12774762144126875
10.0,4.0,4.0,3.0,10.0,8.49056603773585,0.8731882188779467,-2.870733506383029e-08,0.12681180982938833,0.12681180982938833
10.0,4.0,4.0,3.0,10.0,8.571428571428571,0.8744271170096425,-4.0464494332071805e-08,0.12557292345485185,0.12557292345485185
10.0,4.0,4.0,3.0,10.0,8.653846153846155,0.8760182898380716,-5.644974933633244e-08,0.12398176661167772,0.12398176661167772
10.0,4.0,4.0,3.0,10.0,8.737864077669904,0.8779277016557965,-7.756230406061596e-08,0.12207237590650759,0.12207237590650759
10.0,4.0,4.0,3.0,10.0,8.823529411764707,0.8800363650810324,-1.0478730101831429e-07,0.11996373970626857,0.11996373970626857
10.0,4.0,4.0,3.0,10.0,8.910891089108912,0.8821564994918354,-1.3919042147403477e-07,0.11784363969858609,0.11784363969858609
10.0,4.0,4.0,3.0,10.0,9.0,0.8840641585660846,-1.8190967495582864e-07,0.1159360233435904,0.1159360233435904
10.0,4.0,4.0,3.0,10.0,9.090909090909092,0.8855434377161313,-2.3414432894085781e-07,0.11445679642819763,0.11445679642819763
10.0,4.0,4.0,3.0,10.0,9.183673469387756,0.8864344793669111,-2.9714128690817986e-07,0.1135658177743758,0.1135658177743758
10.0,4.0,4.0,3.0,10.0,9.278350515463918,0.8866758179027647,-3.721796395717446e-07,0.11332455427687484,0.11332455427687484
10.0,4.0,4.0,3.0,10.0,9.375,0.8863316177939131,-4.6055453429923695e-07,0.11366884276062118,0.11366884276062118
10.0,4.0,4.0,3.0,10.0,9.473684210526317,0.8855962632966902,-5.635618647298533e-07,0.11440430026517456,0.11440430026517456
10.0,4.0,4.0,3.0,10.0,9.574468085106384,0.8847724228261471,-6.824855079357746e-07,0.11522825965936084,0.11522825965936084
10.0,4.0,4.0,3.0,10.0,9.67741935483871,0.8842236429219895,-8.18588871043025e-07,0.11577717566688153,0.11577717566688153
10.0,4.0,4.0,3.0,10.0,9.782608695652174,0.8843079169068339,-9.731123148319628e-07,0.11569305620548097,0.11569305620548097
10.0,4.0,4.0,3.0,10.0,9.890109890109892,0.8853035058888652,-1.1472775910148514e-06,0.11469764138872582,0.11469764138872582
10.0,4.0,4.0,3.0,10.0,10.0,0.8873415063180089,-1.3422997920964797e-06,0.1126598359817832,0.1126598359817832
10.0,4.0,4.0,3.0,10.0,10.112359550561798,0.8903603575887006,-1.5594065348033216e-06,0.10964120181783422,0.10964120181783422
10.0,4.0,4.0,3.0,10.0,10.227272727272728,0.8940951238766047,-1.7998632774162333e-06,0.1059066759866727,0.1059066759866727
10.0,4.0,4.0,3.0,10.0,10.344827586206899,0.8981089537944973,-2.0650029209390857e-06,0.10189311120842365,0.10189311120842365
10.0,4.0,4.0,3.0,10.0,10.465116279069768,0.9018662315494791,-2.3562572694159534e-06,0.09813612470779032,0.09813612470779032
10.0,4.0,4.0,3.0,10.0,10.588235294117647,0.9048378120506022,-2.6751875941966932e-06,0.09516486313699199,0.09516486313699199
10.0,4.0,4.0,3.0,10.0,10.714285714285715,0.9066200911526127,-3.023511457388538e-06,0.09338293235884473,0.09338293235884473
10.0,4.0,4.0,3.0,10.0,10.843373493975905,0.9070434395444357,-3.4031229908750547e-06,0.09295996357855521,0.09295996357855521
10.0,4.0,4.0,3.0,10.0,10.975609756097562,0.9062435355189694,-3.816103747919142e-06,0.0937602805847785,0.0937602805847785
10.0,4.0,4.0,3.0,10.0,11.11111111111111,0.9046726457948887,-4.26472062253732e-06,0.09533161892573383,0.09533161892573383
10.0,4.0,4.0,3.0,10.0,11.250000000000002,0.9030372842079618,-4.751405548986087e-06,0.09696746719758717,0.09696746719758717
10.0,4.0,4.0,3.0,10.0,11.392405063291141,0.9021630841962244,-5.2787079086172645e-06,0.09784219451168424,0.09784219451168424
10.0,4.0,4.0,3.0,10.0,11.53846153846154,0.9028050136267898,-5.8492036832069765e-06,0.09720083557689344,0.09720083557689344
10.0,4.0,4.0,3.0,10.0,11.688311688311689,0.9054379579442559,-6.465333974306195e-06,0.09456850738971845,0.09456850738971845
10.0,4.0,4.0,3.0,10.0,11.842105263157896,0.9100752146464101,-7.129127670113293e-06,0.08993191448126006,0.08993191448126006
10.0,4.0,4.0,3.0,10.0,12.000000000000004,0.9161665962560016,-7.841736193942539e-06,0.08384124548019234,0.08384124548019234
10.0,4.0,4.0,3.0,10.0,12.162162162162163,0.9226205462446396,-8.602668684161866e-06,0.07738805642404453,0.07738805642404453
10.0,4.0,4.0,3.0,10.0,12.328767123287673,0.9279746923810637,-9.40855804155104e-06,0.07203471617697788,0.07203471617697788
10.0,4.0,4.0,3.0,10.0,12.500000000000002,0.9307080005481596,-1.0251203394303436e-05,0.0693022506552347,0.0693022506552347
10.0,4.0,4.0,3.0,10.0,12.676056338028172,0.9296496405712377,-1.1114509108040541e-05,0.07036147393787037,0.07036147393787037
10.0,4.0,4.0,3.0,10.0,12.85714285714286,0.9244022753902659,-1.1969753098690944e-05,0.07560969436283282,0.07560969436283282
10.0,4.0,4.0,3.0,10.0,13.043478260869566,0.9156702627064323,-1.276833411662258e-05,0.08434250562768436,0.08434250562768436
10.0,4.0,4.0,3.0,10.0,13.235294117647062,0.905376189574227,-1.3430715736654423e-05,0.0946372411415096,0.0946372411415096
10.0,4.0,4.0,3.0,10.0,13.432835820895527,0.8964703796447152,-1.3829620690540875e-05,0.10354344997597534,0.10354344997597534
10.0,4.0,4.0,3.0,10.0,13.636363636363638,0.8923911828011305,-1.3764502453776814e-05,0.10762258170132327,0.10762258170132327
10.0,4.0,4.0,3.0,10.0,13.846153846153847,0.8962157096633471,-1.2922727340657452e-05,0.10379721306399359,0.10379721306399359
10.0,4.0,4.0,3.0,10.0,14.062500000000004,0.9096393870037108,-1.0820419195183206e-05,0.09037143341548436,0.09037143341548436
10.0,4.0,4.0,3.0,10.0,14.28571428571429,0.9320178458811368,-6.712045319187082e-06,0.0679888661641824,0.0679888661641824
10.0,4.0,4.0,3.0,10.0,14.516129032258068,0.9597692767680186,5.482419043011242e-07,0.040230174990077104,0.040230174990077104
10.0,4.0,4.0,3.0,10.0,14.754098360655739,0.9864406865015078,1.2720017758776058e-05,0.013546593480733378,0.013546593480733378
10.0,4.0,4.0,3.0,10.0,15.000000000000004,1.0036637209686738,3.250627692245371e-05,-0.0036962272455962984,-0.0036962272455962984
10.0,4.0,4.0,3.0,20.0,5.0,0.7985746679448527,-1.5458617498462712e-05,0.2014407906726458,0.2014407906726458
10.0,4.0,4.0,3.0,20.0,5.027932960893855,0.8093373922332584,-1.1419708654750092e-05,0.19067402747539636,0.19067402747539636
10.0,4.0,4.0,3.0,20.0,5.056179775280899,0.8141692352589258,-8.484320831423074e-06,0.1858392490619056,0.1858392490619056
10.0,4.0,4.0,3.0,20.0,5.084745762711864,0.8130478529949441,-6.338421377578762e-06,0.18695848542643348,0.18695848542643348
10.0,4.0,4.0,3.0,20.0,5.113636363636363,0.8074029108303,-4.760576794567725e-06,0.19260184974649455,0.19260184974649455
10.0,4.0,4.0,3.0,20.0,5.142857142857142,0.7994648558345334,-3.593756198115514e-06,0.2005387379216647,0.2005387379216647
10.0,4.0,4.0,3.0,20.0,5.1724137931034475,0.7915744733290944,-2.7259930887775887e-06,0.20842825266399442,0.20842825266399442
10.0,4.0,4.0,3.0,20.0,5.202312138728323,0.7856174173205069,-2.0770429231362602e-06,0.2143846597224162,0.2143846597224162
10.0,4.0,4.0,3.0,20.0,5.232558139534883,0.7826814505108938,-1.5891165282953093e-06,0.2173201386056345,0.2173201386056345
10.0,4.0,4.0,3.0,20.0,5.2631578947368425,0.7829631385314634,-1.2203993430153544e-06,0.21703808186787965,0.21703808186787965
10.0,4.0,4.0,3.0,20.0,5.294117647058823,0.7858910474451605,-9.40487884052486e-07,0.21410989304272357,0.21410989304272357
10.0,4.0,4.0,3.0,20.0,5.325443786982248,0.7903936064616693,-7.271566622667274e-07,0.20960712069499293,0.20960712069499293
10.0,4.0,4.0,3.0,20.0,5.357142857142857,0.7952246886626806,-5.640570124441448e-07,0.20477587539433184,0.20477587539433184
10.0,4.0,4.0,3.0,20.0,5.389221556886228,0.7992661466687561,-4.390748701747593e-07,0.20073429240611412,0.20073429240611412
10.0,4.0,4.0,3.0,20.0,5.421686746987951,0.8017479217575775,-3.431583112264574e-07,0.19825242140073376,0.19825242140073376
10.0,4.0,4.0,3.0,20.0,5.454545454545454,0.8023552713768627,-2.69481787340238e-07,0.19764499810492464,0.19764499810492464
10.0,4.0,4.0,3.0,20.0,5.48780487804878,0.8012217549344798,-2.1285196149251813e-07,0.19877845791748172,0.19877845791748172
10.0,4.0,4.0,3.0,20.0,5.521472392638037,0.7988301152825026,-1.6928620767971398e-07,0.2011700540037051,0.2011700540037051
10.0,4.0,4.0,3.0,20.0,5.555555555555555,0.7958576566345493,-1.357133484769722e-07,0.20414247907879915,0.20414247907879915
10.0,4.0,4.0,3.0,20.0,5.590062111801242,0.7930071654883204,-1.0975971042438502e-07,0.20699294427139003,0.20699294427139003
10.0,4.0,4.0,3.0,20.0,5.625,0.790859969276742,-8.959372472196663e-08,0.20914012031698276,0.20914012031698276
10.0,4.0,4.0,3.0,20.0,5.660377358490566,0.7897769479283416,-7.381007280453351e-08,0.21022312588173117,0.21022312588173117
10.0,4.0,4.0,3.0,20.0,5.696202531645569,0.7898594543725266,-6.134035075858567e-08,0.2101406069678242,0.2101406069678242
10.0,4.0,4.0,3.0,20.0,5.732484076433121,0.7909683575024975,-5.1381749560733084e-08,0.20903169387925205,0.20903169387925205
10.0,4.0,4.0,3.0,20.0,5.769230769230769,0.7927883693119032,-4.333855083237276e-08,0.2072116740266476,0.2072116740266476
10.0,4.0,4.0,3.0,20.0,5.806451612903226,0.7949180632502503,-3.677350667097455e-08,0.2050819735232564,0.2050819735232564
10.0,4.0,4.0,3.0,20.0,5.8441558441558445,0.7969640643279913,-3.13675857184949e-08,0.20303596703959445,0.20303596703959445
10.0,4.0,4.0,3.0,20.0,5.88235294117647,0.7986203499404079,-2.6887309558874112e-08,0.20137967694690168,0.20137967694690168
10.0,4.0,4.0,3.0,20.0,5.921052631578947,0.7997192783547619,-2.3159160087315767e-08,0.20028074480439823,0.20028074480439823
10.0,4.0,4.0,3.0,20.0,5.960264900662252,0.8002483032944194,-2.005048833900103e-08,0.1997517167560689,0.1997517167560689
10.0,4.0,4.0,3.0,20.0,5.999999999999999,0.800333731965999,-1.7456156812026384e-08,0.19966628549015783,0.19966628549015783
10.0,4.0,4.0,3.0,20.0,6.040268456375839,0.8001989747457512,-1.528992771115313e-08,0.19980104054417652,0.19980104054417652
10.0,4.0,4.0,3.0,20.0,6.081081081081081,0.8001085936965486,-1.3479457719228179e-08,0.19989141978290909,0.19989141978290909
10.0,4.0,4.0,3.0,20.0,6.122448979591836,0.8003106948663964,-1.1963724765511754e-08,0.19968931709732837,0.19968931709732837
10.0,4.0,4.0,3.0,20.0,6.164383561643836,0.8009889587951015,-1.0691805735223253e-08,0.1990110518967043,0.1990110518967043
10.0,4.0,4.0,3.0,20.0,6.206896551724138,0.8022324207996234,-9.622128193463893e-09,0.19776758882250478,0.19776758882250478
10.0,4.0,4.0,3.0,20.0,6.25,0.8040268207251992,-8.721595745395183e-09,0.1959731879963966,0.1959731879963966
10.0,4.0,4.0,3.0,20.0,6.293706293706294,0.8062668531287737,-7.964287661429435e-09,0.193733154835514,0.193733154835514
10.0,4.0,4.0,3.0,20.0,6.338028169014084,0.8087847957665695,-7.329711135262212e-09,0.19121521156314167,0.19121521156314167
10.0,4.0,4.0,3.0,20.0,6.382978723404255,0.8113883967998279,-6.800799684452729e-09,0.1886116100009718,0.1886116100009718
10.0,4.0,4.0,3.0,20.0,6.428571428571429,0.8138998867247318,-6.3619783637600724e-09,0.18610011963724657,0.18610011963724657
10.0,4.0,4.0,3.0,20.0,6.474820143884893,0.8161885630003035,-5.997646786415354e-09,0.18381144299734328,0.18381144299734328
10.0,4.0,4.0,3.0,20.0,6.521739130434783,0.8181913061717644,-5.691371819589474e-09,0.18180869951960743,0.18180869951960743
10.0,4.0,4.0,3.0,20.0,6.56934306569343,0.8199181536087597,-5.425954127283396e-09,0.18008185181719438,0.18008185181719438
10.0,4.0,4.0,3.0,20.0,6.617647058823529,0.82144310517306,-5.184366417326595e-09,0.17855690001130645,0.17855690001130645
10.0,4.0,4.0,3.0,20.0,6.666666666666667,0.8228830933501626,-4.95138995059259e-09,0.1771169116012273,0.1771169116012273
10.0,4.0,4.0,3.0,20.0,6.716417910447761,0.8243700490502355,-4.715631540153974e-09,0.17562995566539608,0.17562995566539608
10.0,4.0,4.0,3.0,20.0,6.7669172932330826,0.8260219358030173,-4.4715114866334934e-09,0.1739780686684942,0.1739780686684942
10.0,4.0,4.0,3.0,20.0,6.818181818181818,0.8279184198706965,-4.22078949018602e-09,0.17208158435009302,0.17208158435009302
10.0,4.0,4.0,3.0,20.0,6.870229007633588,0.830085609111312,-3.973244882904491e-09,0.16991439486193285,0.16991439486193285
10.0,4.0,4.0,3.0,20.0,6.923076923076923,0.8324923181053829,-3.7462423876927184e-09,0.16750768564085947,0.16750768564085947
10.0,4.0,4.0,3.0,20.0,6.976744186046512,0.8350580007694003,-3.5630780225347448e-09,0.16494200279367774,0.16494200279367774
10.0,4.0,4.0,3.0,20.0,7.03125,0.8376702699788307,-3.4501877768024354e-09,0.16232973347135712,0.16232973347135712
10.0,4.0,4.0,3.0,20.0,7.086614173228347,0.8402081919565082,-3.433487107943363e-09,0.1597918114769789,0.1597918114769789
10.0,4.0,4.0,3.0,20.0,7.142857142857142,0.8425665914125201,-3.534265725658743e-09,0.1574334121217456,0.1574334121217456
10.0,4.0,4.0,3.0,20.0,7.199999999999999,0.8446765720871144,-3.7651676018164115e-09,0.15532343167805315,0.15532343167805315
10.0,4.0,4.0,3.0,20.0,7.258064516129032,0.8465183197093573,-4.12682614244035e-09,0.15348168441746882,0.15348168441746882
10.0,4.0,4.0,3.0,20.0,7.317073170731708,0.8481238272969573,-4.6056937019566924e-09,0.15187617730873637,0.15187617730873637
10.0,4.0,4.0,3.0,20.0,7.3770491803278695,0.8495691629095024,-5.1735075741759704e-09,0.15043084226400522,0.15043084226400522
10.0,4.0,4.0,3.0,20.0,7.43801652892562,0.8509579190935534,-5.7886846232697314e-09,0.14904208669513117,0.14904208669513117
10.0,4.0,4.0,3.0,20.0,7.5,0.8523991724561447,-6.399754039009213e-09,0.14760083394360932,0.14760083394360932
10.0,4.0,4.0,3.0,20.0,7.563025210084034,0.8539843350706549,-6.9507464397451805e-09,0.1460156718800916,0.1460156718800916
10.0,4.0,4.0,3.0,20.0,7.627118644067796,0.8557675057143259,-7.3882823035285345e-09,0.14423250167395638,0.14423250167395638
10.0,4.0,4.0,3.0,20.0,7.692307692307692,0.8577532846996178,-7.669965099799831e-09,0.14224672297034735,0.14224672297034735
10.0,4.0,4.0,3.0,20.0,7.758620689655173,0.8598946130063337,-7.77360014952347e-09,0.1401053947672664,0.1401053947672664
10.0,4.0,4.0,3.0,20.0,7.82608695652174,0.8621012833236104,-7.706736651911845e-09,0.1378987243831263,0.1378987243831263
10.0,4.0,4.0,3.0,20.0,7.894736842105265,0.8642576918537211,-7.51606584892908e-09,0.1357423156623447,0.1357423156623447
10.0,4.0,4.0,3.0,20.0,7.964601769911504,0.8662465370813326,-7.296292525115921e-09,0.13375347021495992,0.13375347021495992
10.0,4.0,4.0,3.0,20.0,8.035714285714286,0.8679738784886161,-7.198212353427278e-09,0.1320261287095963,0.1320261287095963
10.0,4.0,4.0,3.0,20.0,8.108108108108109,0.8693905064433216,-7.435851933549483e-09,0.13060950099253033,0.13060950099253033
10.0,4.0,4.0,3.0,20.0,8.181818181818182,0.870505065545361,-8.292638675202201e-09,0.12949494274727769,0.12949494274727769
10.0,4.0,4.0,3.0,20.0,8.256880733944953,0.8713857708693705,-1.0126643664737093e-08,0.12861423925727314,0.12861423925727314
10.0,4.0,4.0,3.0,20.0,8.333333333333334,0.872149645185284,-1.3374968288990344e-08,0.12785036818968426,0.12785036818968426
10.0,4.0,4.0,3.0,20.0,8.41121495327103,0.8729406319447389,-1.855731962319508e-08,0.1270593866125807,0.1270593866125807
10.0,4.0,4.0,3.0,20.0,8.49056603773585,0.8739002660267352,-2.6278745820265434e-08,0.1260997602520106,0.1260997602520106
10.0,4.0,4.0,3.0,20.0,8.571428571428571,0.8751363630103244,-3.723139673753905e-08,0.12486367422107236,0.12486367422107236
10.0,4.0,4.0,3.0,20.0,8.653846153846155,0.8766960376148133,-5.2195061175402856e-08,0.12330401458024788,0.12330401458024788
10.0,4.0,4.0,3.0,20.0,8.737864077669904,0.8785490448175345,-7.203614000549693e-08,0.12145102721860553,0.12145102721860553
10.0,4.0,4.0,3.0,20.0,8.823529411764707,0.8805859122738585,-9.770467443120294e-08,0.11941418543081592,0.11941418543081592
10.0,4.0,4.0,3.0,20.0,8.910891089108912,0.8826327816091372,-1.302290863691041e-07,0.11736734861994921,0.11736734861994921
10.0,4.0,4.0,3.0,20.0,9.0,0.8844816907723588,-1.7070841942532585e-07,0.1155184799360606,0.1155184799360606
10.0,4.0,4.0,3.0,20.0,9.090909090909092,0.8859317612785377,-2.2030209606557156e-07,0.11406845902355839,0.11406845902355839
10.0,4.0,4.0,3.0,20.0,9.183673469387756,0.8868340289126881,-2.8021751457852783e-07,0.11316625130482644,0.11316625130482644
10.0,4.0,4.0,3.0,20.0,9.278350515463918,0.8871310674462993,-3.5169616662630026e-07,0.1128692842498673,0.1128692842498673
10.0,4.0,4.0,3.0,20.0,9.375,0.8868825477759558,-4.3599931647192324e-07,0.1131178882233607,0.1131178882233607
10.0,4.0,4.0,3.0,20.0,9.473684210526317,0.8862696459724259,-5.343945911819977e-07,0.11373088842216532,0.11373088842216532
10.0,4.0,4.0,3.0,20.0,9.574468085106384,0.885574640709909,-6.481450306642734e-07,0.11442600743512167,0.11442600743512167
10.0,4.0,4.0,3.0,20.0,9.67741935483871,0.8851366625451558,-7.785021886724627e-07,0.1148641159570329,0.1148641159570329
10.0,4.0,4.0,3.0,20.0,9.782608695652174,0.8852896153925947,-9.267047297410228e-07,0.11471131131213509,0.11471131131213509
10.0,4.0,4.0,3.0,20.0,9.890109890109892,0.8862928291466917,-1.09398362698957e-06,0.11370826483693527,0.11370826483693527
10.0,4.0,4.0,3.0,20.0,10.0,0.888268025789061,-1.2815745573855466e-06,0.11173325578549632,0.11173325578549632
10.0,4.0,4.0,3.0,20.0,10.112359550561798,0.8911568407876621,-1.4907374712934974e-06,0.10884464994980919,0.10884464994980919
10.0,4.0,4.0,3.0,20.0,10.227272727272728,0.8947109270727568,-1.722782664697772e-06,0.1052907957099079,0.1052907957099079
10.0,4.0,4.0,3.0,20.0,10.344827586206899,0.8985215680612902,-1.979102101547579e-06,0.1014804110408113,0.1014804110408113
10.0,4.0,4.0,3.0,20.0,10.465116279069768,0.9020883152862169,-2.2612043108673166e-06,0.09791394591809395,0.09791394591809395
10.0,4.0,4.0,3.0,20.0,10.588235294117647,0.9049176015947642,-2.5707509790838615e-06,0.09508496915621488,0.09508496915621488
10.0,4.0,4.0,3.0,20.0,10.714285714285715,0.9066341740164702,-2.909593374491681e-06,0.09336873557690432,0.09336873557690432
10.0,4.0,4.0,3.0,20.0,10.843373493975905,0.9070823659423984,-3.279806892166965e-06,0.09292091386449373,0.09292091386449373
10.0,4.0,4.0,3.0,20.0,10.975609756097562,0.906392388950241,-3.683722092564899e-06,0.09361129477185158,0.09361129477185158
10.0,4.0,4.0,3.0,20.0,11.11111111111111,0.9049901689880039,-4.123950284055052e-06,0.09501395496228017,0.09501395496228017
10.0,4.0,4.0,3.0,20.0,11.250000000000002,0.9035381108859707,-4.603400466152411e-06,0.09646649251449546,0.09646649251449546
10.0,4.0,4.0,3.0,20.0,11.392405063291141,0.902807747572508,-5.125281621010012e-06,0.09719737770911298,0.09719737770911298
10.0,4.0,4.0,3.0,20.0,11.53846153846154,0.9035014913542213,-5.693079017513394e-06,0.09650420172479621,0.09650420172479621
10.0,4.0,4.0,3.0,20.0,11.688311688311689,0.9060565550667554,-6.3104842067647815e-06,0.09394975541745135,0.09394975541745135
10.0,4.0,4.0,3.0,20.0,11.842105263157896,0.9104757940309245,-6.981244191364236e-06,0.08953118721326687,0.08953118721326687
10.0,4.0,4.0,3.0,20.0,12.000000000000004,0.9162339897918734,-7.708873708593296e-06,0.08377371908183516,0.08377371908183516
10.0,4.0,4.0,3.0,20.0,12.162162162162163,0.9223010653777665,-8.49614259276913e-06,0.07770743076482631,0.07770743076482631
10.0,4.0,4.0,3.0,20.0,12.328767123287673,0.9273047502715765,-9.344203120817897e-06,0.07270459393154427,0.07270459393154427
10.0,4.0,4.0,3.0,20.0,12.500000000000002,0.9298256662597609,-1.0251152875474087e-05,0.07018458489311455,0.07018458489311455
10.0,4.0,4.0,3.0,20.0,12.676056338028172,0.9287819603219227,-1.1209725604700713e-05,0.07122924940368197,0.07122924940368197
10.0,4.0,4.0,3.0,20.0,12.85714285714286,0.9238255213258827,-1.2203647801688553e-05,0.076186682321919,0.076186682321919
10.0,4.0,4.0,3.0,20.0,13.043478260869566,0.9156464860609796,-1.3201963787436465e-05,0.0843667159028078,0.0843667159028078
10.0,4.0,4.0,3.0,20.0,13.235294117647062,0.9060765623828448,-1.4150272026575217e-05,0.09393758788918173,0.09393758788918173
10.0,4.0,4.0,3.0,20.0,13.432835820895527,0.8979022898547402,-1.4957259635111085e-05,0.10211266740489493,0.10211266740489493
10.0,4.0,4.0,3.0,20.0,13.636363636363638,0.8943500727929663,-1.5474059744252522e-05,0.10566540126677795,0.10566540126677795
10.0,4.0,4.0,3.0,20.0,13.846153846153847,0.8982824266245852,-1.5462613687008646e-05,0.10173303598910177,0.10173303598910177
10.0,4.0,4.0,3.0,20.0,14.062500000000004,0.9112380496451219,-1.4547123485998167e-05,0.08877649747836411,0.08877649747836411
10.0,4.0,4.0,3.0,20.0,14.28571428571429,0.9325376199227825,-1.2139398529186587e-05,0.06747451947574669,0.06747451947574669
10.0,4.0,4.0,3.0,20.0,14.516129032258068,0.9587370986658983,-7.323750094491307e-06,0.0412702250841962,0.0412702250841962
10.0,4.0,4.0,3.0,20.0,14.754098360655739,0.9837136221772783,1.3210202504816967e-06,0.016285056802471207,0.016285056802471207
10.0,4.0,4.0,3.0,20.0,15.000000000000004,0.9995935581047207,1.59978008530942e-05,0.00039044409442618057,0.00039044409442618057
10.0,4.0,4.0,3.0,30.0,5.0,0.7808331593788264,-1.3807193999525064e-05,0.21918064781517316,0.21918064781517316
10.0,4.0,4.0,3.0,30.0,5.027932960893855,0.7916885736410672,-1.0257094151685223e-05,0.20832168345308452,0.20832168345308452
10.0,4.0,4.0,3.0,30.0,5.056179775280899,0.7964688191927717,-7.66185286625677e-06,0.2035388426600946,0.2035388426600946
10.0,4.0,4.0,3.0,30.0,5.084745762711864,0.795130746660944,-5.752714046456954e-06,0.2048750060531025,0.2048750060531025
10.0,4.0,4.0,3.0,30.0,5.113636363636363,0.789101053887238,-4.339780871357289e-06,0.2109032858936334,0.2109032858936334
10.0,4.0,4.0,3.0,30.0,5.142857142857142,0.7806301826082016,-3.2880131569580366e-06,0.21937310540495536,0.21937310540495536
10.0,4.0,4.0,3.0,30.0,5.1724137931034475,0.7721031436639978,-2.5007729499386598e-06,0.22789935710895215,0.22789935710895215
10.0,4.0,4.0,3.0,30.0,5.202312138728323,0.7654699907233169,-1.9084795013148617e-06,0.23453191775618443,0.23453191775618443
10.0,4.0,4.0,3.0,30.0,5.232558139534883,0.7618940237748105,-1.4607365873487602e-06,0.23810743696177683,0.23810743696177683
10.0,4.0,4.0,3.0,30.0,5.2631578947368425,0.7616463514434331,-1.1208313521146043e-06,0.23835476938791905,0.23835476938791905
10.0,4.0,4.0,3.0,30.0,5.294117647058823,0.7642166156545224,-8.618629422750212e-07,0.2357842462084199,0.2357842462084199
10.0,4.0,4.0,3.0,30.0,5.325443786982248,0.7685708544538267,-6.639997429295507e-07,0.23142980954591627,0.23142980954591627
10.0,4.0,4.0,3.0,30.0,5.357142857142857,0.7734717066230554,-5.125250236568228e-07,0.22652880590196822,0.22652880590196822
10.0,4.0,4.0,3.0,30.0,5.389221556886228,0.7777812106839646,-3.964384533561743e-07,0.2222191857544888,0.2222191857544888
10.0,4.0,4.0,3.0,30.0,5.421686746987951,0.7806865482203011,-3.0745291272496506e-07,0.21931375923261157,0.21931375923261157
10.0,4.0,4.0,3.0,30.0,5.454545454545454,0.7818168843005788,-2.392742775906001e-07,0.21818335497369876,0.21818335497369876
10.0,4.0,4.0,3.0,30.0,5.48780487804878,0.7812478202572197,-1.8708443275596326e-07,0.21875236682721302,0.21875236682721302
10.0,4.0,4.0,3.0,30.0,5.521472392638037,0.779413244981896,-1.4717010730614823e-07,0.22058690218821128,0.22058690218821128
10.0,4.0,4.0,3.0,30.0,5.555555555555555,0.7769591066378732,-1.1665576537081774e-07,0.22304101001789223,0.22304101001789223
10.0,4.0,4.0,3.0,30.0,5.590062111801242,0.774578735580868,-9.331004798147422e-08,0.22542135772918,0.22542135772918
10.0,4.0,4.0,3.0,30.0,5.625,0.7728657778354474,-7.540359587205593e-08,0.22713429756814846,0.22713429756814846
10.0,4.0,4.0,3.0,30.0,5.660377358490566,0.7722109218944898,-6.160238170834692e-08,0.22778913970789189,0.22778913970789189
10.0,4.0,4.0,3.0,30.0,5.696202531645569,0.772755492349571,-5.088548017238963e-08,0.2272445585359092,0.2272445585359092
10.0,4.0,4.0,3.0,30.0,5.732484076433121,0.7744017124448127,-4.247983212541673e-08,0.22559833003501942,0.22559833003501942
10.0,4.0,4.0,3.0,30.0,5.769230769230769,0.7768685193321868,-3.580722810062863e-08,0.22313151647504129,0.22313151647504129
10.0,4.0,4.0,3.0,30.0,5.806451612903226,0.7797748672057826,-3.0440607690189006e-08,0.2202251632348251,0.2202251632348251
10.0,4.0,4.0,3.0,30.0,5.8441558441558445,0.7827300743301797,-2.606798753935659e-08,0.21726995173780783,0.21726995173780783
10.0,4.0,4.0,3.0,30.0,5.88235294117647,0.7854126246453972,-2.2463030285761415e-08,0.2145873978176331,0.2145873978176331
10.0,4.0,4.0,3.0,30.0,5.921052631578947,0.7876238803999531,-1.9461586663196264e-08,0.21237613906163355,0.21237613906163355
10.0,4.0,4.0,3.0,30.0,5.960264900662252,0.7893099575493149,-1.6943613079631806e-08,0.2106900593942982,0.2106900593942982
10.0,4.0,4.0,3.0,30.0,5.999999999999999,0.7905520416139717,-1.4819802756486711e-08,0.209447973205831,0.209447973205831
10.0,4.0,4.0,3.0,30.0,6.040268456375839,0.7915313609633178,-1.3022163780011583e-08,0.20846865205884602,0.20846865205884602
10.0,4.0,4.0,3.0,30.0,6.081081081081081,0.7924789683090033,-1.1497699473583334e-08,0.20752104318869616,0.20752104318869616
10.0,4.0,4.0,3.0,30.0,6.122448979591836,0.7936219862015303,-1.0204334663843437e-08,0.2063780240028043,0.2063780240028043
10.0,4.0,4.0,3.0,30.0,6.164383561643836,0.7951371180104476,-9.108298858834173e-09,0.20486289109785125,0.20486289109785125
10.0,4.0,4.0,3.0,30.0,6.206896551724138,0.7971194891566077,-8.182315781394809e-09,0.20288051902570808,0.20288051902570808
10.0,4.0,4.0,3.0,30.0,6.25,0.7995710075752174,-7.404134844300111e-09,0.20042899982891746,0.20042899982891746
10.0,4.0,4.0,3.0,30.0,6.293706293706294,0.802408262108558,-6.755143066387762e-09,0.19759174464658508,0.19759174464658508
10.0,4.0,4.0,3.0,30.0,6.338028169014084,0.8054862999389891,-6.218983948378119e-09,0.1945137062799948,0.1945137062799948
10.0,4.0,4.0,3.0,30.0,6.382978723404255,0.8086320416804199,-5.780256378046219e-09,0.19136796409983647,0.19136796409983647
10.0,4.0,4.0,3.0,30.0,6.428571428571429,0.811679943218702,-5.423454266621674e-09,0.1883200622047523,0.1883200622047523
10.0,4.0,4.0,3.0,30.0,6.474820143884893,0.814502844543435,-5.1323300017405594e-09,0.18549716058889498,0.18549716058889498
10.0,4.0,4.0,3.0,30.0,6.521739130434783,0.8170325408707916,-4.889826709942913e-09,0.18296746401903513,0.18296746401903513
10.0,4.0,4.0,3.0,30.0,6.56934306569343,0.8192670555417766,-4.678639886981887e-09,0.1807329491368633,0.1807329491368633
10.0,4.0,4.0,3.0,30.0,6.617647058823529,0.8212643664633528,-4.48235867835596e-09,0.1787356380190059,0.1787356380190059
10.0,4.0,4.0,3.0,30.0,6.666666666666667,0.8231249104250978,-4.287024179191302e-09,0.17687509386192635,0.17687509386192635
10.0,4.0,4.0,3.0,30.0,6.716417910447761,0.8249671182514138,-4.082848734094457e-09,0.17503288583143495,0.17503288583143495
10.0,4.0,4.0,3.0,30.0,6.7669172932330826,0.8269012256088235,-3.865784187169129e-09,0.17309877825696068,0.17309877825696068
10.0,4.0,4.0,3.0,30.0,6.818181818181818,0.8290065545236223,-3.6386194501916385e-09,0.1709934491149972,0.1709934491149972
10.0,4.0,4.0,3.0,30.0,6.870229007633588,0.8313164547938242,-3.4113316885395695e-09,0.16868354861750748,0.16868354861750748
10.0,4.0,4.0,3.0,30.0,6.923076923076923,0.833813379219414,-3.2005058487010254e-09,0.16618662398109185,0.16618662398109185
10.0,4.0,4.0,3.0,30.0,6.976744186046512,0.8364344963105496,-3.0277621380514184e-09,0.16356550671721257,0.16356550671721257
10.0,4.0,4.0,3.0,30.0,7.03125,0.8390862134391863,-2.9172733742571273e-09,0.16091378947808704,0.16091378947808704
10.0,4.0,4.0,3.0,30.0,7.086614173228347,0.8416643573412104,-2.892594383006442e-09,0.15833564555138402,0.15833564555138402
10.0,4.0,4.0,3.0,30.0,7.142857142857142,0.8440758124044944,-2.9731447571064424e-09,0.1559241905686504,0.1559241905686504
10.0,4.0,4.0,3.0,30.0,7.199999999999999,0.8462572927132769,-3.170768236106026e-09,0.15374271045749136,0.15374271045749136
10.0,4.0,4.0,3.0,30.0,7.258064516129032,0.8481876128748675,-3.486825809826614e-09,0.15181239061195825,0.15181239061195825
10.0,4.0,4.0,3.0,30.0,7.317073170731708,0.8498911732577018,-3.910260982152126e-09,0.15010883065255917,0.15010883065255917
10.0,4.0,4.0,3.0,30.0,7.3770491803278695,0.8514321229232223,-4.417006984674572e-09,0.14856788149378464,0.14856788149378464
10.0,4.0,4.0,3.0,30.0,7.43801652892562,0.8529004798805425,-4.970996064150968e-09,0.14709952509045354,0.14709952509045354
10.0,4.0,4.0,3.0,30.0,7.5,0.854393039126184,-5.526894308689116e-09,0.14560696640071027,0.14560696640071027
10.0,4.0,4.0,3.0,30.0,7.563025210084034,0.8559929019758343,-6.0345388984627355e-09,0.14400710405870457,0.14400710405870457
10.0,4.0,4.0,3.0,30.0,7.627118644067796,0.8577517333371178,-6.444915901392135e-09,0.14224827310779806,0.14224827310779806
10.0,4.0,4.0,3.0,30.0,7.692307692307692,0.8596783458616771,-6.717401743611681e-09,0.14032166085572462,0.14032166085572462
10.0,4.0,4.0,3.0,30.0,7.758620689655173,0.8617360104270211,-6.827912306296894e-09,0.13826399640089124,0.13826399640089124
10.0,4.0,4.0,3.0,30.0,7.82608695652174,0.863849215542479,-6.777566771388164e-09,0.1361507912350878,0.1361507912350878
10.0,4.0,4.0,3.0,30.0,7.894736842105265,0.865918747793188,-6.601479108355446e-09,0.1340812588082911,0.1340812588082911
10.0,4.0,4.0,3.0,30.0,7.964601769911504,0.8678422827742642,-6.377332542565563e-09,0.13215772360306832,0.13215772360306832
10.0,4.0,4.0,3.0,30.0,8.035714285714286,0.8695364811455322,-6.233460404289569e-09,0.13046352508792824,0.13046352508792824
10.0,4.0,4.0,3.0,30.0,8.108108108108109,0.8709561190332462,-6.35623600440809e-09,0.1290438873229898,0.1290438873229898
10.0,4.0,4.0,3.0,30.0,8.181818181818182,0.8721061636594172,-6.996649182579117e-09,0.127893843337232,0.127893843337232
10.0,4.0,4.0,3.0,30.0,8.256880733944953,0.8730439015131225,-8.476004036898918e-09,0.12695610696288154,0.12695610696288154
10.0,4.0,4.0,3.0,30.0,8.333333333333334,0.8738700540459867,-1.1190701147146373e-08,0.12612995714471442,0.12612995714471442
10.0,4.0,4.0,3.0,30.0,8.41121495327103,0.8747099646792311,-1.5616064297355538e-08,0.12529005093683318,0.12529005093683318
10.0,4.0,4.0,3.0,30.0,8.49056603773585,0.8756880222800524,-2.2309139192425586e-08,0.12431200002908681,0.12431200002908681
10.0,4.0,4.0,3.0,30.0,8.571428571428571,0.8769000979200705,-3.1910339831280416e-08,0.12309993399026932,0.12309993399026932
10.0,4.0,4.0,3.0,30.0,8.653846153846155,0.878389569335781,-4.514376278222945e-08,0.12161047580798173,0.12161047580798173
10.0,4.0,4.0,3.0,30.0,8.737864077669904,0.8801322715541742,-6.281594998558277e-08,0.11986779126177581,0.11986779126177581
10.0,4.0,4.0,3.0,30.0,8.823529411764707,0.882034398238438,-8.581287684416527e-08,0.11796568757443886,0.11796568757443886
10.0,4.0,4.0,3.0,30.0,8.910891089108912,0.8839451408549336,-1.1509499125653098e-07,0.11605497424005767,0.11605497424005767
10.0,4.0,4.0,3.0,30.0,9.0,0.8856830354413919,-1.516902414357089e-07,0.1143171162488495,0.1143171162488495
10.0,4.0,4.0,3.0,30.0,9.090909090909092,0.8870720781517367,-1.9668520698498708e-07,0.11292811853347026,0.11292811853347026
10.0,4.0,4.0,3.0,30.0,9.183673469387756,0.8879812291860525,-2.5121467874986457e-07,0.11201902202862626,0.11201902202862626
10.0,4.0,4.0,3.0,30.0,9.278350515463918,0.8883594820306034,-3.1645029705777503e-07,0.11164083441969362,0.11164083441969362
10.0,4.0,4.0,3.0,30.0,9.375,0.8882586337096511,-3.935891240720406e-07,0.11174175987947299,0.11174175987947299
10.0,4.0,4.0,3.0,30.0,9.473684210526317,0.887837433418077,-4.838432570686551e-07,0.1121630504251801,0.1121630504251801
10.0,4.0,4.0,3.0,30.0,9.574468085106384,0.8873438086543604,-5.884317476908505e-07,0.11265677977738733,0.11265677977738733
10.0,4.0,4.0,3.0,30.0,9.67741935483871,0.8870759638263741,-7.085761454519834e-07,0.11292474474977135,0.11292474474977135
10.0,4.0,4.0,3.0,30.0,9.782608695652174,0.8873276421827089,-8.45500911935163e-07,0.11267320331820306,0.11267320331820306
10.0,4.0,4.0,3.0,30.0,9.890109890109892,0.8883268864726684,-1.0004397531584761e-06,0.11167411396708471,0.11167411396708471
10.0,4.0,4.0,3.0,30.0,10.0,0.8901803369415934,-1.174648610849994e-06,0.10982083770701748,0.10982083770701748
10.0,4.0,4.0,3.0,30.0,10.112359550561798,0.892835706906356,-1.369425680293231e-06,0.10716566251932425,0.10716566251932425
10.0,4.0,4.0,3.0,30.0,10.227272727272728,0.8960731176031461,-1.586138442681692e-06,0.10392846853529657,0.10392846853529657
10.0,4.0,4.0,3.0,30.0,10.344827586206899,0.899531441393689,-1.8262573834058189e-06,0.10047038486369439,0.10047038486369439
10.0,4.0,4.0,3.0,30.0,10.465116279069768,0.9027692085401481,-2.0913958816553166e-06,0.09723288285573357,0.09723288285573357
10.0,4.0,4.0,3.0,30.0,10.588235294117647,0.9053520101169686,-2.3833557494222004e-06,0.09465037323878078,0.09465037323878078
10.0,4.0,4.0,3.0,30.0,10.714285714285715,0.9069511183742277,-2.704178079824496e-06,0.09305158580385212,0.09305158580385212
10.0,4.0,4.0,3.0,30.0,10.843373493975905,0.9074328770270451,-3.0561993886615962e-06,0.09257017917234354,0.09257017917234354
10.0,4.0,4.0,3.0,30.0,10.975609756097562,0.9069168085819438,-3.4421133765278996e-06,0.09308663353143273,0.09308663353143273
10.0,4.0,4.0,3.0,30.0,11.11111111111111,0.905783411913047,-3.865038787237787e-06,0.09422045312574023,0.09422045312574023
10.0,4.0,4.0,3.0,30.0,11.250000000000002,0.9046205701017824,-4.328593471979246e-06,0.09538375849168955,0.09538375849168955
10.0,4.0,4.0,3.0,30.0,11.392405063291141,0.9041096288785946,-4.836973448481577e-06,0.0958952080948539,0.0958952080948539
10.0,4.0,4.0,3.0,30.0,11.53846153846154,0.90486671699286,-5.3950328918203844e-06,0.09513867804003179,0.09513867804003179
10.0,4.0,4.0,3.0,30.0,11.688311688311689,0.9072689782304862,-6.008355850930963e-06,0.09273703012536469,0.09273703012536469
10.0,4.0,4.0,3.0,30.0,11.842105263157896,0.9113057038935334,-6.683302039919956e-06,0.08870097940850653,0.08870097940850653
10.0,4.0,4.0,3.0,30.0,12.000000000000004,0.9164975472235767,-7.4269958937670066e-06,0.08350987977231708,0.08350987977231708
10.0,4.0,4.0,3.0,30.0,12.162162162162163,0.9219205018813883,-8.24720813590024e-06,0.0780877453267476,0.0780877453267476
10.0,4.0,4.0,3.0,30.0,12.328767123287673,0.9263541516744105,-9.152049221830913e-06,0.07365500037481135,0.07365500037481135
10.0,4.0,4.0,3.0,30.0,12.500000000000002,0.9285471215106663,-1.0149349240251416e-05,0.07146302783857393,0.07146302783857393
10.0,4.0,4.0,3.0,30.0,12.676056338028172,0.9275605704975747,-1.124553128284254e-05,0.07245067503370817,0.07245067503370817
10.0,4.0,4.0,3.0,30.0,12.85714285714286,0.9231193412857496,-1.2443682346178528e-05,0.07689310239659661,0.07689310239659661
10.0,4.0,4.0,3.0,30.0,13.043478260869566,0.9158781159140444,-1.374036744824156e-05,0.08413562445340379,0.08413562445340379
10.0,4.0,4.0,3.0,30.0,13.235294117647062,0.9075050414760858,-1.5120487005254599e-05,0.09251007901091945,0.09251007901091945
10.0,4.0,4.0,3.0,30.0,13.432835820895527,0.9005045421253426,-1.65490943049978e-05,0.09951200696896241,0.09951200696896241
10.0,4.0,4.0,3.0,30.0,13.636363636363638,0.897747298678719,-1.7958489735185358e-05,0.10227065981101613,0.10227065981101613
10.0,4.0,4.0,3.0,30.0,13.846153846153847,0.9017455569184606,-1.922796602158298e-05,0.09827367104756099,0.09827367104756099
10.0,4.0,4.0,3.0,30.0,14.062500000000004,0.9137956188182493,-2.0152096154729086e-05,0.0862245332779054,0.0862245332779054
10.0,4.0,4.0,3.0,30.0,14.28571428571429,0.933188890048287,-2.0391119127718285e-05,0.06683150107084074,0.06683150107084074
10.0,4.0,4.0,3.0,30.0,14.516129032258068,0.9567451347901611,-1.9393288473170433e-05,0.04327425849831207,0.04327425849831207
10.0,4.0,4.0,3.0,30.0,14.754098360655739,0.978922230010049,-1.6273205656573576e-05,0.021094043195607606,0.021094043195607606
10.0,4.0,4.0,3.0,30.0,15.000000000000004,0.9926860039652611,-9.620879725209212e-06,0.007323616914464133,0.007323616914464133
