wavelength_um,n_target,k_target,n_fit,k_fit,epsilon_target_real,epsilon_target_imag,epsilon_fit_real,epsilon_fit_imag,n_error,k_error,normalized_epsilon_error,origin
6.0,2.227974343791848,11.25765303272577,2.216212190273118,11.44432870750796,-121.77088212864501,50.16352425644701,-126.06106309317562,50.72612158214348,-0.011762153518729779,0.18667567478219027,0.007598375033962089,interpolated_not_measured
6.033333333333333,2.2371328016738388,11.341112623527366,2.2308975226797223,11.520596412728557,-123.61607236720671,50.74315011514063,-127.7472379482756,51.40253999389806,-0.006235278994116467,0.1794837892011909,0.007346459763128956,interpolated_not_measured
6.066666666666666,2.247002828353629,11.42456614714944,2.2456131438780607,11.596658517685126,-125.4716899399638,51.342064890715825,-129.4397103838411,52.08321758475837,-0.001389684475568309,0.1720923705356867,0.007088642666343763,interpolated_not_measured
6.1,2.257528704594708,11.507980569967147,2.26035819759888,11.672518413476599,-127.33718094667232,51.95919293723801,-131.1384669314978,52.76814536505141,0.0028294930041719013,0.16453784350945178,0.0068248202145234005,interpolated_not_measured
6.133333333333334,2.2686547111605644,11.59132285835564,2.2751318560773917,11.748179406128491,-129.21197140816693,52.59341842238333,-132.84349439604344,53.457314435590604,0.006477144916827271,0.15685654777285052,0.006555183416440536,interpolated_not_measured
6.166666666666667,2.2803251288146886,11.67455997869007,2.2899333189747364,11.82364471963023,-131.09546800292816,53.243584974522484,-134.5547798506892,54.15071599040194,0.00960819016004777,0.149084740940161,0.0062801968482858765,interpolated_not_measured
6.2,2.2924842383205686,11.75765889734559,2.304761812354761,11.898917498832041,-132.98705876338173,53.908495403428724,-136.27231063232253,54.84834131933583,0.012277574034192273,0.14125860148645053,0.006000580013778957,interpolated_not_measured
6.233333333333333,2.3050763204416933,11.840586580697366,2.319616587712506,11.974000812209106,-134.88611373192953,54.58691149461035,-137.9960743367933,55.55018181056653,0.014540267270812812,0.1334142315117397,0.005717291727298946,interpolated_not_measured
6.266666666666667,2.3180456559415528,11.923309995120539,2.3344969210511115,12.048897654500223,-136.79198557671182,55.27755387726732,-139.72605881422385,56.25622895298146,0.016451265109558744,0.12558765937968452,0.0054315182972229465,interpolated_not_measured
6.3,2.3313365255836356,12.005796106990264,2.349402112004068,12.123610949227752,-138.70401016710224,55.97910196587244,-141.46225216434587,56.96647433846264,0.01806558642043221,0.11781484223748784,0.005144666487789768,interpolated_not_measured
6.333333333333333,2.344893210131431,12.088011882681698,2.36433148299998,12.198143551105202,-140.62150710893346,56.69019397537674,-143.20464273186454,57.68090966406241,0.019438272868549156,0.11013166842350408,0.0048583625655392836,interpolated_not_measured
6.366666666666666,2.358659990348428,12.169924288569996,2.379284378467208,12.272498248338477,-142.5437802394555,57.40942701003922,-144.95321910185288,58.39952673407582,0.02062438811877998,0.10257395976848116,0.004574459191678979,interpolated_not_measured
6.4,2.372581146998116,12.25150029103031,2.39426016407593,12.346677764826314,-144.47011808202487,58.13535722588089,-146.7079700951756,59.12231746201137,0.02167901707781361,0.09517747379600472,0.004295052472832543,interpolated_not_measured
6.433333333333334,2.3866009608439844,12.332706856437792,2.409258226015375,12.420684762265278,-146.39979426052628,58.86650006676326,-148.4688847639461,59.84927387246289,0.022657265171390772,0.08797790582748632,0.004022512012778822,interpolated_not_measured
6.466666666666667,2.400663712649522,12.413510951167595,2.4242779703041095,12.49452184216419,-148.3320678735256,59.601330574090994,-150.2359523870162,60.58038810288433,0.02361425765458769,0.08101089099659475,0.0037595270099884176,interpolated_not_measured
6.5,2.414713683178217,12.493879541594879,2.439318822131409,12.568191547772697,-150.26618382815496,60.338283770139086,-152.00916246550048,61.31565240526965,0.02460513895319183,0.07431200617781819,0.0035091706321553947,interpolated_not_measured
6.533333333333333,2.4286951531935603,12.573779594094793,2.454380225227904,12.641696365928365,-152.2013731337287,61.075755115004235,-153.78850471833664,62.05505914774007,0.02568507203434356,0.06791677183357159,0.003274981712512337,interpolated_not_measured
6.566666666666666,2.44255240345904,12.65317807504249,2.469461641263789,12.71503872882639,-154.13685315509244,61.812101037180526,-155.5739690778817,62.79860081604052,0.026909237804749075,0.061860653783899267,0.003061054958804323,interpolated_not_measured
6.6,2.456229714738145,12.732041950813127,2.484562549273032,12.788221015715887,-156.07182782570268,62.54563953775965,-157.36554568554737,63.54627001494805,0.028332834534886775,0.0561790649027607,0.0028721154011755777,interpolated_not_measured
6.633333333333333,2.4696713677943656,12.810338187781854,2.4996824451020676,12.861245554526361,-158.00548782043876,63.27465086825521,-159.1632248874726,64.2980594695931,0.030011077307702028,0.05090736674450724,0.0027135284241016533,interpolated_not_measured
6.666666666666667,2.48282164339119,12.88803375232383,2.514820840881661,12.934114623427837,-159.93701068814653,63.99737828205156,-160.96699723023707,65.05396202669716,0.031999197490470976,0.046080871104006604,0.0025911702660593072,interpolated_not_measured
6.7,2.49601717794128,12.965256925920752,2.529977264520591,13.006830452327923,-161.86778540255807,64.7230080070407,-162.77685345661394,65.81397065572745,0.03396008657931082,0.04157352640717171,0.0024937504283121183,interpolated_not_measured
6.733333333333333,2.509791476647273,13.04223048702728,2.5451512592200047,13.07939522430888,-163.80072282049255,65.46655782562057,-164.5927845013648,66.57807844997173,0.035359782572731646,0.03716473728159997,0.0023967923263998117,interpolated_not_measured
6.766666666666667,2.52412294150509,13.118957922885786,2.5603423830072902,13.151811077007588,-165.7358603586154,66.22772532359195,-166.41478148707603,67.34627862753457,0.036219441502200134,0.032853154121802675,0.0022977703982653744,interpolated_not_measured
6.8,2.538985179490771,13.195440786839045,2.5755502082884436,13.224080103941166,-167.67321181730165,67.00605718926475,-168.24283572003796,68.11856453225747,0.03656502879767265,0.028639317102120643,0.002194841587529841,interpolated_not_measured
6.833333333333333,2.5543517975803565,13.271680632229847,2.5907743214179204,13.29620435578084,-169.61279369810285,67.80108255969742,-170.07693868616687,68.8949296345642,0.03642252383756395,0.024523723550993637,0.0020866496676053533,interpolated_not_measured
6.866666666666667,2.5701964027498834,13.347679012400981,2.6060143222850907,13.368185841576521,-171.5546254693812,68.61231316546623,-171.91708204697193,69.67536753223436,0.0358179195352073,0.02050682917553992,0.0019723286452841536,interpolated_not_measured
6.9,2.586492601975391,13.423437480695224,2.621269823916399,13.440026529934348,-173.49872981805987,69.43924347379476,-173.7632576355644,70.45987195110548,0.03477722194100785,0.01658904923912452,0.0018515188732527812,interpolated_not_measured
6.933333333333334,2.6032140022329218,13.498957590455364,2.63654045209246,13.511728350149529,-175.44513288749093,70.28135083004356,-175.6154574527146,71.2484367457075,0.033326449859538254,0.01277075969416508,0.0017244118300279818,interpolated_not_measured
6.966666666666667,2.6203342104985112,13.57424089502419,2.651825844979297,13.583293193296354,-177.39386450143826,71.13809559755963,-177.4736736629509,72.04105589982927,0.031491634480785624,0.009052298272164805,0.0015918461596027616,interpolated_not_measured
7.0,2.6378268337482007,13.649288947744484,2.667125652773058,13.65472291327756,-179.34495837417768,72.00892129588628,-179.33789859070714,72.83772352702128,0.029298819024857092,0.005433965533075735,0.00145549030688459,interpolated_not_measured
7.033333333333333,2.655665478958028,13.724103301959028,2.682439537357494,13.726019327834742,-181.29845230671333,72.89325473733295,-181.20812471651422,73.6384338710341,0.026774058399466227,0.0019160258757136006,0.0013181679066136506,interpolated_not_measured
7.066666666666666,2.6738237531040356,13.798685511010612,2.697767171973625,13.797184219521656,-183.25438836911084,73.79050616190534,-183.08434467323883,74.44318130619612,0.023943418869589284,-0.0015012914889567242,0.0011844056688185014,interpolated_not_measured
7.1,2.6922752631622586,13.87303712824202,2.7131082409009584,13.868219336642074,-185.21281306894616,74.70006937059513,-184.96655124236844,75.25196033773126,0.020832977738699743,-0.004817791599945664,0.0010612678226194613,interpolated_not_measured
7.133333333333333,2.710993616108739,13.947159706996034,2.7284624391497516,13.939126394153782,-187.17377750587139,75.62132185703055,-186.85473735034356,76.06476560201902,0.017468823041012715,-0.008033312842252727,0.0009593192189262795,interpolated_not_measured
7.166666666666667,2.729952418919516,14.021054800615447,2.743829472163769,14.009907074540175,-189.137337512297,76.55362493748646,-188.7488960649363,76.88159186679803,0.013877053244252924,-0.011147726075272146,0.0008927505643781106,interpolated_not_measured
7.2,2.7491252785706277,14.094723962443036,2.7592090555330437,14.080563028650953,-191.10355378018988,77.49632387925462,-190.64902059167656,77.70243403131498,0.010083776962416025,-0.014160933792082275,0.0008764227878664304,interpolated_not_measured
7.233333333333333,2.768485802038113,14.168168745821587,2.774600914716218,14.151095876513232,-193.07249197398903,78.4487480273744,-192.55510427032567,78.52728712642102,0.006115112678104939,-0.01707286930835572,0.0009189792487576606,interpolated_not_measured
7.266666666666667,2.7880075962980126,14.24139070409389,2.79000478477198,14.221507208114318,-195.0442228296364,79.41021092972333,-194.46714057139692,79.3561463146163,0.0019971884739673484,-0.019883495979572174,0.0010178364040985945,interpolated_not_measured
7.3,2.8076642683263655,14.314391390602726,2.8054204100992264,14.291798584157466,-197.0188222397248,80.38001046046766,-196.38512309272406,80.18900689004516,-0.0022438582271391283,-0.022592806445260294,0.0011622724665544528,interpolated_not_measured
7.333333333333333,2.8274294250992114,14.387172358690878,2.8208475441855394,14.361971536791673,-198.99637132476195,81.35742894187322,-198.3090455560766,81.02586427844281,-0.006581880913671956,-0.025200821899204584,0.0013400943505555458,interpolated_not_measured
7.366666666666667,2.8472766735925883,14.459735161701138,2.836285949363635,14.432027570316706,-200.97695649055177,82.3417332644764,-200.23890180382392,81.86671403703575,-0.010990724228953308,-0.02770759138443246,0.001541316276205552,interpolated_not_measured
7.4,2.867179620782536,14.532081352976286,2.851735396575421,14.50196816186431,-202.96066947169038,83.33217500561503,-202.17468579564496,82.7115518543965,-0.01544422420711511,-0.03011319111197608,0.0017586558899604801,interpolated_not_measured
7.433333333333334,2.887111873645094,14.604212485859108,2.867195665143347,14.571794762056726,-204.9476073611806,84.32799054631953,-204.11639160528702,83.56037355025514,-0.019916208501747246,-0.03241772380238217,0.001986890858910789,interpolated_not_measured
7.466666666666667,2.9070470391563012,14.67613011369239,2.8826665425487414,14.641508795643341,-206.93787262616118,85.32840118656418,-206.06401341737143,84.41317507526836,-0.02438049660755981,-0.034621318049048,0.0022221571317256796,interpolated_not_measured
7.5,2.9269587242921977,14.747835789818913,2.8981478242168426,14.71111166211644,-208.93157310975346,86.33261325887837,-208.01754552424555,85.26995251074756,-0.02881090007535514,-0.03672412770247213,0.0024614450376870415,interpolated_not_measured
7.533333333333333,2.9468205360288215,14.819331067581471,2.9136393133082445,14.780604736306929,-210.92882201902418,87.339818240318,-209.97698232288346,86.13070206834782,-0.033181222720577,-0.0387263312745425,0.002702277208665888,interpolated_not_measured
7.566666666666666,2.966606081342213,14.890617500322842,2.92914082051651,14.849989368960797,-212.92973789906426,88.34919286279705,-211.94231831183254,86.99542008971856,-0.037465260825702895,-0.040628131362044684,0.0029425094063483858,interpolated_not_measured
7.6,2.9862889672084116,14.96169664138581,2.9446521638716856,14.919266887297148,-214.93444459318476,89.35989922177919,-213.91354808820694,87.86410304611746,-0.041636803336726036,-0.04242975408866201,0.003180207555355007,interpolated_not_measured
7.633333333333333,3.005842800603455,15.032570044113164,2.960173168549501,14.988438595548526,-216.94307118922885,90.37108488332943,-215.8906663447283,88.73674753798903,-0.0456696320539538,-0.04413144856463802,0.0034135710385302795,interpolated_not_measured
7.666666666666667,3.0252411885033847,15.10323926184769,2.975703666686033,15.057505775484232,-218.9557519520002,91.38188298952618,-217.87366786681233,89.61335029450909,-0.04953752181735194,-0.0457334863634582,0.003640884217606018,interpolated_not_measured
7.7,3.044457737884238,15.173705847932169,2.991243497197595,15.126469686917336,-220.9726262418077,92.39141236223281,-219.86254752970214,90.49390817309605,-0.053214240686643155,-0.0472361610148333,0.0038604854752329453,interpolated_not_measured
7.733333333333333,3.0634660557220554,15.243971355709387,3.0067925056057,15.195331568195973,-222.99383841912706,93.39877760523007,-221.8573002956465,91.37841815889072,-0.05667355011635555,-0.048639787513414134,0.00407074740531132,interpolated_not_measured
7.766666666666667,3.0822397489928752,15.314037338522134,3.0223505438668634,15.264092636679647,-225.0195377353784,94.40306920470796,-223.8579212111255,92.26687736420584,-0.05988920512601181,-0.04994470184248634,0.00427006432404527,interpolated_not_measured
7.8,3.100752424672738,15.383905349713189,3.037917470207088,15.332754089200971,-227.0498782098202,95.40336362811814,-225.86440540411968,93.1592830279456,-0.06283495446564968,-0.05115126051221708,0.004456844789966323,interpolated_not_measured
7.833333333333333,3.1189776897376813,15.453576942625338,3.053493148960864,15.401317102513575,-229.0850184925601,96.39872342138615,-227.87674808142617,94.05563251499798,-0.0654845407768172,-0.05225984011176266,0.004629507747546921,interpolated_not_measured
7.866666666666667,3.136889151163747,15.52305367060137,3.0690774504145035,15.469782833726567,-231.1251217136819,97.38819730448404,-229.89494452601838,94.95592331559918,-0.06781170074924336,-0.053270836874803607,0.004786481499215969,interpolated_not_measured
7.9,3.154460415926972,15.592337086984069,3.084670250653663,15.538152420726162,-233.17035531848865,98.37082026536262,-231.91899009445055,95.86015304467239,-0.06979016527330861,-0.054184666257906855,0.0049262051124407125,interpolated_not_measured
7.933333333333334,3.1716650910033963,15.661428745116215,3.1002714314149196,15.606426982584908,-235.22089088886287,99.34561365224445,-233.94888021430677,96.76831944114187,-0.07139365958847677,-0.0550017625313064,0.0050471321724092424,interpolated_not_measured
7.966666666666667,3.188476783369059,15.730330198340596,3.115880879941241,15.674607619959028,-237.2769039507426,100.31158526427639,-235.98461038169424,97.68042036722323,-0.07259590342781808,-0.0557225783815678,0.005147737057134935,interpolated_not_measured
8.0,3.2048691,15.799043,3.131498488841218,15.742695415474236,-239.33857376771417,101.2677294405426,-238.02617615877867,98.59645380769028,-0.07337061115878196,-0.056347584525763494,0.005226524188026836,interpolated_not_measured
8.033333333333333,3.2209742992785433,15.867523403551914,3.147124155951949,15.810691434100553,-241.40362352565487,102.21777015208302,-240.07357317136433,99.51641786912083,-0.07385014332659434,-0.05683196945136082,0.005287600151007239,interpolated_not_measured
8.066666666666666,3.236944934549352,15.935731280239667,3.1627577842054313,15.878596723516473,-243.46971892670422,103.1661692918229,-242.12679710651605,100.44031077912116,-0.07418715034392065,-0.05713455672319334,0.005336193353274304,interpolated_not_measured
8.1,3.252785055231977,16.003673610084768,3.1783992814983586,15.946412314462869,-245.5369584025831,104.11302069538823,-244.1858437102237,101.36813088553072,-0.07438577373361843,-0.05726129562189897,0.005372531544347168,interpolated_not_measured
8.133333333333333,3.2684987107459667,16.07135737310874,3.1940485605652165,16.014139221087035,-247.6054439920286,105.0584217078872,-246.25070878510928,102.29987665560805,-0.07445015018075019,-0.05721815202170433,0.005396856043431721,interpolated_not_measured
8.166666666666666,3.2840899505108707,16.13878954933311,3.2097055388545455,16.081778441277205,-249.67528131461717,106.00247314474947,-248.32138818817472,103.23554667519812,-0.07438441165632526,-0.05701110805590659,0.005409421024209773,interpolated_not_measured
8.2,3.2995628239462387,16.2059771187794,3.2253701384083033,16.149330956987892,-251.74657954523343,106.94527925369577,-250.39787782859148,104.17513964788307,-0.07419268553793534,-0.05664616179150883,0.005410492970337375,interpolated_not_measured
8.233333333333334,3.314921380471619,16.272927061469133,3.2410422857442067,16.21679773455639,-253.81945138918655,107.88694767783845,-252.4801736655312,105.11865439411623,-0.07387909472741239,-0.05612932691274253,0.005400350268528752,interpolated_not_measured
8.266666666666666,3.33016966950656,16.339646357423813,3.256721911740965,16.284179725010688,-255.89401305797188,108.82758941991226,-254.56827170603543,106.06608985034055,-0.07344775776559498,-0.05546663241312544,0.0053792829158651355,interpolated_not_measured
8.3,3.3453117404706143,16.406141986664984,3.2724089515263266,16.351477864369254,-257.97038424568115,109.76731880763651,-256.66216800292807,107.01744506809305,-0.0729027889442877,-0.05466412229572981,0.005347592325277868,interpolated_not_measured
8.333333333333334,3.3603516427833284,16.472420929214156,3.288103344367828,16.418693073932715,-260.048688106056,110.70625346020654,-258.76185865276324,107.97271921309411,-0.0722482984155004,-0.05372785528144064,0.005305591218818298,interpolated_not_measured
8.366666666666667,3.3752934258642515,16.53849016509285,3.3038050335662015,16.48582626056801,-262.12905123019044,111.64451425591695,-260.8673397938164,108.93191156432492,-0.07148839229805004,-0.052663904524838046,0.005253603602906653,interpolated_not_measured
8.4,3.3901411391329344,16.60435667432259,3.3195139663513253,16.552878316985034,-264.2116036248797,112.58222530091507,-262.9786076041118,109.89502151309168,-0.07062717278160902,-0.05147835733755812,0.0051919648236816406,interpolated_not_measured
8.433333333333334,3.404898832008925,16.670027436924897,3.335230093780667,16.61985012200617,-266.2964786916131,113.51951389908463,-265.09565829948826,110.86204856207854,-0.06966873822825814,-0.050177314918727234,0.00512102170414853,interpolated_not_measured
8.466666666666667,3.419570553911774,16.73550943292129,3.3509533706401395,16.686742540828874,-268.3838132062171,114.45651052306076,-267.2184881317036,111.83299232438944,-0.06861718327163446,-0.04876689209241647,0.005041132768352754,interpolated_not_measured
8.5,3.434160354261029,16.8008096423333,3.3666837553472875,16.753556425281626,-270.4737472991413,115.39334878637486,-269.347093386576,112.80785252257965,-0.06747659891374136,-0.04725321705167218,0.004952668561485236,interpolated_not_measured
8.533333333333333,3.44867228247624,16.86593504518244,3.3824212098567763,16.82029261407336,-272.5664244363932,116.33016541673065,-271.4814703821619,113.78662898767803,-0.06625107261946361,-0.04564243110907995,0.004856012078952238,interpolated_not_measured
8.566666666666666,3.463110387976957,16.930892621490226,3.3981656995680614,16.88695193303669,-274.6619914011183,117.26710023041043,-273.62161546697075,114.76932165819971,-0.06494468840889578,-0.04394068845353516,0.004751559322241424,interpolated_not_measured
8.6,3.4774787201827286,16.99568935127819,3.4139171932352377,16.953535195365106,-276.7605982758272,118.20429610781223,-275.76752501821625,115.75593057915131,-0.06356152694749095,-0.042154155913085134,0.004639720005232896,interpolated_not_measured
8.633333333333333,3.491781328513104,17.06033221456785,3.42967566287896,17.020043201844278,-278.86239842526885,119.14189897011727,-277.9191954401014,116.74645590102763,-0.06210566563414366,-0.04028901272357288,0.004520918441821066,interpolated_not_measured
8.666666666666666,3.5060222623876323,17.12482819138073,3.4454410837004144,17.086476741077774,-280.9675484799505,120.08005775708834,-280.0766231621411,117.74089787880186,-0.06058117868721791,-0.038351450302954504,0.004395594654817316,interpolated_not_measured
8.7,3.5202055712258633,17.189184261738347,3.461213433997257,17.15283658970725,-283.0762083203037,121.01892440599852,-282.2398046375167,118.73925687090886,-0.05899213722860619,-0.036347672031098455,0.004264205757755743,interpolated_not_measured
8.733333333333334,3.534335304447347,17.253407405662227,3.4769926950814924,17.219123512627394,-285.18854106149723,121.95865383169063,-284.4087363414675,119.74153333822284,-0.05734260936585445,-0.03428389303483215,0.004127227676230639,interpolated_not_measured
8.766666666666666,3.5484155114716303,17.317504603173877,3.4927788511992137,17.285338263195687,-287.3047130388959,122.89940390776708,-286.5834147697125,120.74772784302888,-0.05563666027241654,-0.03216633997818974,0.003985157294864102,interpolated_not_measured
8.8,3.5624502417182646,17.381482834294843,3.50857188945219,17.35148158343731,-289.42489379416776,123.84133544891107,-288.76383643690997,121.75784104799104,-0.053878352266074625,-0.030001250857534245,0.003838515141295006,interpolated_not_measured
8.833333333333334,3.576443544606798,17.445349079046625,3.5243717997212163,17.417554204245075,-291.5492560620333,124.78461219433692,-290.9499978751451,122.77187371511411,-0.05207174488558186,-0.027794874801550407,0.0036878487514845184,interpolated_not_measured
8.866666666666667,3.5903994695567807,17.50911031745076,3.5401785745912058,17.483556845574856,-293.677975757667,125.72940079237272,-293.1418956324528,123.78982670470303,-0.050220894965574914,-0.02555347187590229,0.0035337369032553373,interpolated_not_measured
8.9,3.604322065987761,17.572773529528757,3.5559922092779725,17.549490216636443,-295.8112319647403,126.67587078617225,-295.3395262713725,124.81170097431838,-0.04832985670978829,-0.023283312892314,0.003376794959743404,interpolated_not_measured
8.933333333333334,3.6182153833192885,17.636345695302143,3.5718127015566634,17.615355016079977,-297.9492069241141,127.62419460055825,-297.54288636753256,125.8374975777287,-0.046402681762625075,-0.02099067922216591,0.0032176816337117237,interpolated_not_measured
8.966666666666667,3.632083470970913,17.69983379479244,3.5876400516917886,17.68115193217824,-300.0920860231764,128.57454752999598,-299.75197250826716,126.8672176638606,-0.04444341927912454,-0.01868186261420135,0.0030571075687442434,interpolated_not_measured
9.0,3.6459303783621833,17.763244808021167,3.6034742623688305,17.746881643004713,-302.2400577858267,129.5271077276974,-301.9667812912631,127.90086247574669,-0.04245611599335275,-0.016363165016453962,0.0028958462324603757,interpolated_not_measured
9.033333333333333,3.659760154912649,17.826585715009852,3.6193153386273704,17.812544816607772,-304.39331386310704,130.48205619585613,-304.18730932323706,128.93843334947195,-0.04044481628527841,-0.01404089840207945,0.0027347477205681096,interpolated_not_measured
9.066666666666666,3.6735768500418575,17.88986349578,3.6351632877957147,17.878142111180903,-306.5520490244783,131.4395767770126,-306.4135532186421,129.9799317131188,-0.038413562246142785,-0.01172138459909533,0.0025747561525221083,interpolated_not_measured
9.1,3.6873845131693614,17.953085130353152,3.651018119426969,17.94367417522921,-308.7164611497462,132.39985614655072,-308.6455095984036,131.02535908571122,-0.03636639374239259,-0.00941095512394341,0.002416931338889186,interpolated_not_measured
9.133333333333333,3.7011871937147083,18.016257598750823,3.6668798452365303,18.009141647732285,-310.886751221629,133.3630838063237,-310.88317508868363,132.07471707615863,-0.03430734847817796,-0.007115951018537459,0.0022624751893589373,interpolated_not_measured
9.166666666666666,3.7149889410974466,18.07938788099453,3.6827484790409817,18.07454515830351,-313.0631233189756,134.32945207941177,-313.1265463196742,133.1280073821996,-0.032240462056464914,-0.0048427226910199295,0.002112762659524528,interpolated_not_measured
9.2,3.7287938047371263,18.1424829571058,3.6986240366983147,18.139885327345933,-315.2457846106284,135.29915610601,-315.3756199244177,134.1852317893455,-0.03016976803881155,-0.0025976297598653275,0.001969375456257784,interpolated_not_measured
9.233333333333334,3.742605834053299,18.20554980710615,3.714506536049498,18.205162766204815,-317.4349453499329,136.27239384044677,-317.63039253765567,135.2463921698255,-0.028099298003800843,-0.00038704090133379054,0.0018341335197709899,interpolated_not_measured
9.266666666666666,3.7564290784655086,18.2685954110171,3.7303959968613145,18.27037807731689,-319.6308188698938,137.24936604933237,-319.8908607947027,136.3114904815313,-0.02603308160419404,0.0017826662997926235,0.0017091135584178824,interpolated_not_measured
9.3,3.77026758739331,18.331626748860174,3.746292440770482,18.33553185435656,-321.8336215789773,138.23027631083943,-322.15702133035006,137.38052876696472,-0.02397514662282818,0.0039051054963863407,0.0015966350651535198,interpolated_not_measured
9.333333333333334,3.784125410256248,18.394650800656898,3.7621958912289784,18.40062468237892,-324.04357295756046,139.2153310151124,-324.4288707777921,138.45350915218498,-0.021929519027269695,0.005973881722020735,0.0014991837491295844,interpolated_not_measured
9.366666666666667,3.7980065964738756,18.45767454642879,3.778106373450597,18.465657137959877,-326.2608955550262,140.204739365809,-326.7064057675805,139.53043384575943,-0.019900223023278762,0.007982591531085603,0.0014192367968884503,interpolated_not_measured
9.4,3.811915195465739,18.52070496619737,3.7940239143586587,18.530629789333357,-328.48581498750536,141.19871338277107,-328.98962292660343,140.61130513771542,-0.01789128110708038,0.00992482313598586,0.00135896806486312,interpolated_not_measured
9.433333333333334,3.8258552566513893,18.583749039984156,3.809948542534885,18.595543196525682,-330.71855993626497,142.19746790582718,-331.2785188770889,141.69612539849504,-0.01590671411650435,0.01179415654152649,0.0013198597789106914,interpolated_not_measured
9.466666666666667,3.8398308294503742,18.646813747810675,3.8258802881693854,18.660397911487227,-332.9593621467437,143.20122059972502,-333.57309023563374,142.7848970779123,-0.013950541280988826,0.013584163676551242,0.001302323980436882,interpolated_not_measured
9.5,3.8538459632822453,18.70990606969845,3.8418191830117516,18.725194478221376,-335.2084564282321,144.21019196019472,-335.8733336122552,143.8776227041132,-0.012026780270493642,0.015288408522923902,0.0013054890427781794,interpolated_not_measured
9.533333333333333,3.867904707566551,18.773032985668994,3.8577652603232155,18.78993343291094,-337.4660806542006,145.2246053211425,-338.1792456094676,144.97430488253912,-0.010139447243335376,0.016900447241944505,0.0013272645409873431,interpolated_not_measured
9.566666666666666,3.8820111117228393,18.83620147574384,3.8737185548298703,18.854615304042003,-339.73247576327486,146.24468686297547,-340.49082282138176,146.0749462948935,-0.008292556892969039,0.018413828298161405,0.0013646646078779414,interpolated_not_measured
9.6,3.8961692251706594,18.899418519944504,3.8896791026769053,18.919240612525346,-342.0078857608544,147.27066562205638,-342.80806183282704,147.1795496981121,-0.006490122493754136,0.01982209258084211,0.001414248473776733,interpolated_not_measured
9.633333333333333,3.9103830973295635,18.962691098292506,3.9056469413838575,18.983809871815424,-344.2925577213811,148.30277350128958,-345.1309592184958,148.28811792333718,-0.004736155945705978,0.021118773522918133,0.0014725194444016661,interpolated_not_measured
9.666666666666666,3.924656777619097,19.02602619080936,3.9216221098008313,19.048323588027095,-346.5867417912523,149.34124528183682,-347.45951154211065,149.4006538748955,-0.0030346678182655573,0.02229739721773427,0.0015361942723319181,interpolated_not_measured
9.7,3.938994315458812,19.089430777516604,3.9376046480656974,19.11278226004999,-348.8906911923814,150.38631863596478,-349.793715355613,150.5171605292809,-0.0013896673931146353,0.023351482533385592,0.0016023360887776402,interpolated_not_measured
9.733333333333334,3.9533997602682582,19.152911838435756,3.9535945975622107,19.177186379660746,-351.2046622264034,151.438234141022,-352.1335671983726,151.63764093414068,0.00019483729395242122,0.024274541224990287,0.001668387530432918,interpolated_not_measured
9.766666666666666,3.9678771614669808,19.216476353588316,3.9695920008790675,19.241536431633033,-353.52891427952767,152.49723529454673,-354.4790635964182,152.7620982072673,0.0017148394120867216,0.025060078044717216,0.0017321472431703984,interpolated_not_measured
9.8,3.982430568474533,19.280131302995837,3.9855969017698585,19.30583289384552,-355.8637098280396,153.5635685305067,-356.8302010616901,153.89053553559464,0.003166333295325341,0.02570159084968182,0.001791722182429908,interpolated_not_measured
9.833333333333334,3.9970640307104635,19.343883666679822,4.001609345113884,19.37007623738773,-358.20931444444307,154.6374832366671,-359.18697609131016,155.02295617419827,0.004545314403420875,0.02619257070790937,0.0018454749165941727,interpolated_not_measured
9.866666666666667,4.01178159759432,19.4077404246618,4.017629376877865,19.434266926664012,-360.56599680425524,155.71923177309114,-361.54938516687463,156.1593634453025,0.005847779283545407,0.026526502002212737,0.0018919753304719716,interpolated_not_measured
9.9,4.026587318545653,19.471708556963275,4.033657044078469,19.49840541949542,-362.9340286934442,156.8090694917704,-363.9174247537645,157.29976073729097,0.007069725532815596,0.02669686253214465,0.0019299603266473766,interpolated_not_measured
9.933333333333334,4.0414852429840105,19.535795043605788,4.0496923947456755,19.562492167219823,-365.3136850165149,157.9072547573859,-366.2910913004759,158.44415150372393,0.008207151761665088,0.02669712361403498,0.0019583022277087398,interpolated_not_measured
9.966666666666667,4.056479420328943,19.600006864610858,4.0657354778869506,19.626527614790078,-367.7052438052405,159.0140489691999,-368.67038123796885,159.59253926235994,0.009256057558007846,0.026520750179219732,0.0019759854195777345,interpolated_not_measured
10.0,4.0715739,19.664351,4.081786343452207,19.690512200870444,-370.1089862280398,160.12971658407778,-371.05529097903485,160.74492759418408,0.01021244345220751,0.026161200870443935,0.001982090547854357,interpolated_not_measured
10.033333333333333,4.086744997321352,19.7288024836502,4.097845042299545,19.754446357931208,-372.52416276575116,161.25316970639705,-373.44581691768263,161.9013201424414,0.011100044978192614,0.025643874281009005,0.001978639901307321,interpolated_not_measured
10.066666666666666,4.101965576336736,19.793326809410107,4.113911626161745,19.818330512341582,-374.94966459466133,162.3830904267666,-375.8419554285405,163.06172061167618,0.01194604982500902,0.02500370293147469,0.0019686215536113215,interpolated_not_measured
10.1,4.117234509545038,19.857916647258765,4.129986147613519,19.882165084460944,-377.38523356288823,163.51939941552538,-378.2437028662783,164.22613276677777,0.012751638068481341,0.024248437202178508,0.0019526726830070844,interpolated_not_measured
10.133333333333333,4.132550669445152,19.92256466717521,4.146068660039465,19.945950488728432,-379.8306078822465,164.66201590479847,-380.6510555650446,165.39456043203162,0.013517990594313467,0.023385821553222996,0.0019314858132919008,interpolated_not_measured
10.166666666666668,4.147912928535969,19.98726353913847,4.162159217602759,20.00968713375092,-382.2855221202583,165.8108576800961,-383.0640098379215,166.56700749017745,0.014246289066790041,0.022423594612448028,0.0019058094224535572,interpolated_not_measured
10.2,4.163320159316377,20.052005933127578,4.178257875214525,20.073375422389415,-384.74970719321345,166.96584107224328,-385.4825619763952,167.74347788147253,0.014937715898148518,0.02136948926183635,0.001876448917259615,interpolated_not_measured
10.233333333333334,4.178771234285269,20.116784519121584,4.194364688503907,20.137015751844004,-387.2228903602798,168.12688094964096,-387.9067082498451,168.9239756027629,0.01559345421863867,0.02023123272241989,0.0018442673146059393,interpolated_not_measured
10.266666666666666,4.194265025941533,20.181591967099504,4.210479713788786,20.200608513737183,-389.7047952186589,169.29389071085606,-390.33644490504435,170.1085047065589,0.016214687847252662,0.01901654663767971,0.0018101848067501583,interpolated_not_measured
10.3,4.209800406784064,20.24642094704039,4.226603008047182,20.26415409419585,-392.1951416997967,170.46678227754407,-392.7717681656809,171.2970693001196,0.01680260126311861,0.017733147155457374,0.0017751761630747454,interpolated_not_measured
10.333333333333332,4.22537624931175,20.311264128923256,4.242734628889271,20.327652873931758,-394.69364606663686,171.64546608770004,-395.21267423188993,172.48967354454155,0.017358379577521177,0.01638874500850207,0.0017402646683905777,interpolated_not_measured
10.366666666666667,4.240991426023481,20.376114182727164,4.258874634530049,20.391105228320683,-397.20002091193044,172.82985108924268,-397.6591592798037,173.68632165385606,0.01788320850656877,0.014991045593518493,0.0017065110828887921,interpolated_not_measured
10.4,4.256644809418148,20.440963778431133,4.275023083762604,20.454511527480125,-399.71397515758713,174.0198447339265,-400.1112194611143,174.88701789413165,0.018378274344455825,0.013547749048992586,0.0016749960441852104,interpolated_not_measured
10.433333333333334,4.272335271994644,20.505805586014194,4.291180035931992,20.517872136345755,-402.23521405508137,175.21535297158647,-402.5688509026522,176.0917665825844,0.018844763937348574,0.012066550331560677,0.0016467945775836346,interpolated_not_measured
10.466666666666667,4.288061686251858,20.57063227545539,4.307345550909706,20.581187414746502,-404.76343918690594,176.41628024471228,-405.0320497059781,177.30057208669436,0.01928386465784815,0.010555139291110294,0.0016229421155240997,interpolated_not_measured
10.5,4.30382292468868,20.635436516733755,4.323519689068723,20.644457717478403,-407.2983484690731,177.6225294833533,-407.5008119469887,178.51343882332927,0.01969676438004342,0.009021200744648183,0.0016043927707795791,interpolated_not_measured
10.533333333333333,4.319617859804001,20.70021097982832,4.339702511259121,20.707683394377185,-409.83963615466735,178.83400210035458,-409.97513367553586,179.73037125787494,0.02008465145511984,0.007472414548864492,0.0015919724967457098,interpolated_not_measured
10.566666666666666,4.335445364096713,20.76494833471813,4.355894078784248,20.770864790389627,-412.38699283844556,180.05059798692295,-412.4550109150599,180.95137390337277,0.020448714687534952,0.005916455671496124,0.001586331834933417,interpolated_not_measured
10.6,4.351304310065706,20.82964125138221,4.372094453377431,20.834002245643738,-414.94010546248705,181.2722155085237,-414.94043966223455,182.17645131966387,0.020790143311725018,0.0043609942615283614,0.0015879045141907004,interpolated_not_measured
10.633333333333333,4.367193570209872,20.894282399799597,4.388303697179236,20.897096095517725,-417.4986573228927,182.49875150110816,-417.43141588662525,183.4056081125404,0.021110126969364096,0.002813695718128173,0.0015968784428316773,interpolated_not_measured
10.666666666666668,4.383112017028099,20.95886444994933,4.404521872715229,20.9601466707079,-420.0623280775338,183.73010126767184,-419.9279355303605,184.63884893290447,0.021409855687130275,0.001282220758568542,0.0016131841411768319,interpolated_not_measured
10.7,4.399058523019278,21.023380071810436,4.420749042874261,21.023154297295353,-422.6307937548476,184.96615857514269,-422.4299945078143,185.8761784759327,0.021690519854983492,-0.0002257745150835433,0.0016365026026046408,interpolated_not_measured
10.733333333333334,4.415031960682303,21.087821935361962,4.436985270887262,21.08611929681165,-425.2037267636869,186.2068156516008,-424.9375887053021,187.1176014802499,0.0219533102049585,-0.0017026385503129404,0.0016662908809465227,interpolated_not_measured
10.766666666666666,4.431031202516061,21.152182710582927,4.453230620306496,21.149041986303338,-427.78079590421237,187.4519631838274,-427.45071398078613,188.3631227271075,0.02219941779043566,-0.0031407242795893353,0.0017018206265994628,interpolated_not_measured
10.8,4.447055121019445,21.216455067452387,4.469485154985345,21.2119226783955,-430.3616663798408,188.70149031518616,-429.96936616359494,189.61274703957133,0.022430033965900265,-0.004532389056887354,0.0017422232590299201,interpolated_not_measured
10.833333333333332,4.463102588691345,21.280631675949355,4.485748939058515,21.274761681354178,-432.94599981023566,189.95528464383318,-432.4935410541515,190.86647928171448,0.022646350367169887,-0.005869994595176564,0.0017865356696066842,interpolated_not_measured
10.866666666666667,4.479172478030651,21.344705206052886,4.502022036922745,21.337559299147912,-435.53345424535394,191.2132322212593,-435.02323442371556,192.1243243578195,0.02284955889209428,-0.007145906904973742,0.0018337418246443045,interpolated_not_measured
10.9,4.495263661536255,21.408668327742,4.518304513217942,21.400315831508145,-438.1236841805351,192.4752175511615,-437.5584420141326,193.38628721158523,0.023040851681686902,-0.008352496233854367,0.0018828076221618886,interpolated_not_measured
10.933333333333334,4.511375011707046,21.472513710995734,4.534596432808771,21.463031573988776,-440.71634057264504,193.7411235886462,-440.0991595375971,194.65237282534304,0.023221421101724538,-0.00948213700695888,0.0019327081894199333,interpolated_not_measured
10.966666666666667,4.527505401041917,21.53623402579313,4.5508978607666855,21.525706818024698,-443.3110708572661,195.0108317397622,-442.6453826764242,195.9225862192789,0.023392459724768777,-0.0105272077684333,0.001982448135547202,interpolated_not_measured
11.0,4.543653702039757,21.599821942113223,4.567208862352368,21.588341850989444,-445.90751896693627,196.28422186136464,-445.19710708283225,197.196932450663,0.02355516031261118,-0.011480091123779346,0.002031076029018503,interpolated_not_measured
11.033333333333333,4.559818787199457,21.66327012993504,4.583529502998601,21.65093695625186,-448.50532535043857,197.56117226130922,-447.754328378734,198.47541661308628,0.023710715799144744,-0.01233317368317799,0.00207769466355114,interpolated_not_measured
11.066666666666666,4.575999529019907,21.726571259237623,4.599859848293544,21.71349241323196,-451.1041269931399,198.84155969897765,-450.31704215553884,199.75804383570437,0.023860319273636854,-0.013078846005662115,0.002121468676347102,interpolated_not_measured
11.1,4.5921948,21.789718,4.616199963964408,21.776008497455855,-453.70355743837695,200.1252593861328,-452.88524397396463,201.04481928248873,0.024005163964408105,-0.01370950254414538,0.002161630942225961,interpolated_not_measured
11.133333333333333,4.608410814315946,21.85273847858491,4.63254991586153,21.838485480609823,-456.3047287799214,201.4127926542578,-455.45892936385735,202.33574815148455,0.024139101545583408,-0.014252997975088277,0.002198407104188026,interpolated_not_measured
11.166666666666668,4.624654319626266,21.915667032376405,4.64890976994282,21.900923630593535,-458.9090338979521,202.704768417541,-458.0380938240205,203.63083567407574,0.02425545031655396,-0.01474340178286937,0.0022324501047190004,interpolated_not_measured
11.2,4.640924988653308,21.97850564788551,4.6652795922586,21.96332321157249,-461.5165257638285,204.00119214905942,-460.62273282205433,204.9300871142575,0.024354603605292624,-0.015182436313018854,0.0022637084244337452,interpolated_not_measured
11.233333333333334,4.657222494119423,22.04125631162325,4.6816594489367995,22.02568448402959,-464.12725843493985,205.302069386287,-463.21284179420263,206.23350776791557,0.024436954817376844,-0.015571827593660714,0.0022921535407761126,interpolated_not_measured
11.266666666666666,4.673546508746959,22.103921010100645,4.69804940616852,22.088007704815926,-466.7412870513478,206.60740573274887,-465.80841614520733,207.54110296211232,0.024502897421561087,-0.01591330528471957,0.0023177764364608238,interpolated_not_measured
11.3,4.689896705258267,22.166501729828735,4.714449530193957,22.15029312720083,-469.35866783250793,207.91720685965092,-468.40945124817426,208.85287805438077,0.02455282493569033,-0.016208602627905577,0.0023405847205920888,interpolated_not_measured
11.333333333333332,4.7062727563756965,22.229000457318524,4.730859887288656,22.21254100092107,-471.979458074063,209.23147850748214,-471.0159424444429,210.16883843202422,0.024587130912959054,-0.0164594563974525,0.002360600244947891,interpolated_not_measured
11.366666666666667,4.7226743348215985,22.291419179081053,4.747280543750125,22.274751572229405,-474.60371614472,210.55022648759208,-473.6278850434679,211.48898951142434,0.024606208928526385,-0.01666760685164803,0.002377857120712772,interpolated_not_measured
11.4,4.73910111331832,22.35375988162734,4.763711565884769,22.336925083942287,-477.231501483197,211.87345668374104,-476.24527432270577,212.81333673735497,0.024610452566449226,-0.01683479768505336,0.0023924000594309873,interpolated_not_measured
11.433333333333334,4.755552764588213,22.416024551468407,4.780153019995157,22.399061775486924,-479.8628745952518,213.2011750536257,-478.8681055275105,214.14188558230381,0.024600255406943994,-0.01696277598148299,0.0024042829768642212,interpolated_not_measured
11.466666666666667,4.772028961353627,22.478215175115285,4.7966049723676125,22.46116188294759,-482.4978970507853,214.53338763037743,-481.4963738710359,215.47464154580058,0.024576011013985877,-0.017053292167695133,0.0024135678103613116,interpolated_not_measured
11.5,4.788529376336912,22.540333739078996,4.813067489260102,22.52322563911125,-485.1366314810213,215.87010052403562,-484.1300745341457,216.81161015375187,0.024538112923189637,-0.017108099967746426,0.002420323509881365,interpolated_not_measured
11.533333333333333,4.805053682260415,22.602382229870564,4.829540636890452,22.585253273512482,-487.77914157576424,217.21131992299385,-486.76920266533,218.1527969577833,0.024486954630036806,-0.017128956358082092,0.002424625170440699,interpolated_not_measured
11.566666666666666,4.82160155184649,22.66436263400101,4.84602448142485,22.647245012477747,-490.4254920807327,218.5570520954217,-489.4137533806292,219.498207534588,0.024422929578360453,-0.017117621523262017,0.0024265532798310127,interpolated_not_measured
11.6,4.838172657817484,22.726276937981368,4.862519088966651,22.709201079168988,-493.07574879497105,219.90730339065902,-492.0637217635648,220.84784748528256,0.02434643114916657,-0.017075858812379607,0.0024261930603563533,interpolated_not_measured
11.633333333333333,4.854766672895748,22.788127128322653,4.879024525545467,22.771121693626565,-495.7299785683356,221.2620802405846,-494.7191028650762,222.2017224347689,0.024257852649719247,-0.017005434696088173,0.00242363388725481,interpolated_not_measured
11.666666666666668,4.871383269803631,22.8499151915359,4.89554085710654,22.833007072811586,-498.38824929906036,222.6213891609596,-497.3798917034645,223.55983803110345,0.024157587302909178,-0.01690811872431297,0.002418968769670723,interpolated_not_measured
11.7,4.888022121263482,22.911643114132122,4.912068149500395,22.894857430647555,-501.0506299313967,223.9852367527439,-500.04608326434135,224.9221999448726,0.024046028236912598,-0.016785683484567215,0.002412293882630657,interpolated_not_measured
11.733333333333334,4.904682899997654,22.97331288262235,4.928606468472764,22.956672978061487,-503.7171904533327,225.3536297033873,-502.7176725005869,226.28881386857552,0.02392356847510957,-0.016639904560861396,0.00240370814062832,interpolated_not_measured
11.766666666666666,4.921365278728491,23.034926483517612,4.945155879654775,23.01845392302432,-506.38800189438666,226.7265747880939,-505.3946543323094,227.6596855160125,0.02379060092628471,-0.016472560493291155,0.0023933128052184586,interpolated_not_measured
11.8,4.93806893017835,23.096485903328933,4.961716448553402,23.080200470590817,-509.06313632347934,228.1040788710617,-508.0770236468152,229.03482062168086,0.023647518375052634,-0.016285432738115446,0.0023812111205373347,interpolated_not_measured
11.833333333333332,4.954793527069573,23.157993128567323,4.978288240542165,23.141912822938824,-511.7426668468808,229.48614890669407,-510.76477529858,230.41422494017658,0.023494713472591577,-0.016080305628499048,0.0023675079720114132,interpolated_not_measured
11.866666666666667,4.971538742124517,23.219450145743824,4.994871320852094,23.20359117940801,-514.4266676062379,230.87279194078837,-513.4579041092305,231.79790424560338,0.02333257872757688,-0.015858966335812852,0.0023523095646860296,interpolated_not_measured
11.9,4.9883042480655275,23.28085894136946,5.011465754562917,23.26523573653797,-517.1152137766736,232.2640151116952,-516.1564048675266,233.18586433098682,0.023161506497389794,-0.01562320483148838,0.002335723118709296,interpolated_not_measured
11.933333333333334,5.005089717614957,23.34222150195523,5.028071606594514,23.32684668810583,-519.8083815649662,233.65982565145373,-518.8602723293521,234.5781110076964,0.02298188897955722,-0.015374813849398095,0.0023178565805310283,interpolated_not_measured
11.966666666666667,5.021894823495151,23.403539814012195,5.044688941698577,23.388424225163313,-522.5062482078065,235.06023088690102,-521.5695012177102,235.97465010487295,0.022794118203425917,-0.015115588848882311,0.002298818349395113,interpolated_not_measured
12.0,5.038719238428463,23.464815864051364,5.061317824450528,23.449968536073214,-525.2088919701274,236.46523824075402,-524.2840862227231,237.37548746886284,0.022598586022064993,-0.014847327978149139,0.0022787170197028843,interpolated_not_measured
12.033333333333333,5.0555626351372425,23.52605163858375,5.077958319241636,23.5114798065454,-527.9163921435133,237.8748552326666,-527.0040220016367,238.7806289626579,0.022395684104393965,-0.014571832038349442,0.0022576611408758047,interpolated_not_measured
12.066666666666666,5.072424686343836,23.587249124120397,5.094610490271379,23.572958219672262,-530.628829044688,239.28908948026066,-529.7293031788308,240.19008046534248,0.022185803927543546,-0.014290904448134967,0.0022357589974199444,interpolated_not_measured
12.1,5.089305064770597,23.64841030717232,5.111274401540001,23.63440395596367,-533.3462840140743,240.70794870013057,-532.4599243458332,241.60384787154567,0.021969336769403824,-0.014006351208649903,0.0022131184130181948,interpolated_not_measured
12.133333333333333,5.106203443139874,23.709537174250542,5.127950116841299,23.695817193381455,-536.0688394144349,242.1314407088219,-535.1958800613394,243.02193709090096,0.02174667370142469,-0.013719980869087323,0.0021898465836949423,interpolated_not_measured
12.166666666666668,5.123119494174017,23.770631711866095,5.144637699755599,23.757198107373306,-538.7965786295881,243.55957342378457,-537.9371648512353,244.44435404751013,0.021518205581581462,-0.013433604492789186,0.0021660499463369265,interpolated_not_measured
12.2,5.140052890595374,23.831695906529994,5.161337213642949,23.81854687090631,-541.5295860632007,244.99235486429887,-540.6837732086252,245.8711046794151,0.021284323047574993,-0.013149035623683858,0.0021418340901873814,interpolated_not_measured
12.233333333333334,5.157003305126298,23.892731744753274,5.178048721636512,23.879863654499918,-544.2679471376573,246.4297931523773,-543.4356995938646,247.30219493807502,0.021045416510213855,-0.012868090253356002,0.0021173037202760763,interpolated_not_measured
12.266666666666666,5.173970410489136,23.95374121304695,5.1947722866361365,23.941148626258467,-547.0117482930068,247.87189651363812,-546.1929384345949,248.73763078784862,0.020801876147000797,-0.012592586788482407,0.002092562683140814,interpolated_not_measured
12.3,5.190953879406238,24.014726297922063,5.211507971302132,24.0024019519033,-549.7610769859867,249.31867327815507,-548.9554841257855,250.1774182054838,0.02055409189589419,-0.012324346018765198,0.0020677140665397798,interpolated_not_measured
12.333333333333332,5.207953384599955,24.07568898588961,5.228255838049232,24.0636237948043,-552.5160216891202,250.77013188127933,-551.7233310297757,251.621563179612,0.020302453449276392,-0.012065191085309124,0.0020428603861439554,interpolated_not_measured
12.366666666666667,5.224968598792636,24.136631263460643,5.245015949040728,24.124814316011154,-555.2766718898965,252.226280864437,-554.4964734763251,253.07007171024918,0.02004735024809179,-0.011816947449489135,0.0020181038733458716,interpolated_not_measured
12.4,5.241999194706631,24.197555117146173,5.261788366182794,24.185973674284014,-558.0431180900218,253.68712887589913,-557.2749057626628,254.52294980830192,0.019789171476163325,-0.011581442862159008,0.0019935468792150212,interpolated_not_measured
12.433333333333334,5.259044845064292,24.258462533457223,5.2785731511189775,24.247102026123834,-560.8154518047505,255.15268467152694,-560.0586221535443,255.98020349507965,0.019528306054685807,-0.011360507333389336,0.0019692924101984417,interpolated_not_measured
12.466666666666667,5.276105222587966,24.319355498904827,5.295370365224868,24.308199525802216,-563.5937655622924,256.62295711549024,-562.8476168813095,257.4418388018125,0.019265142636902155,-0.011155973102610517,0.0019454448112205117,interpolated_not_measured
12.5,5.29318,24.380236,5.312180069602929,24.369266325390917,-566.378152903296,258.09795518096,-565.6418841459451,258.9078617691749,0.019000069602928882,-0.010969674609082603,0.0019221106112090951,interpolated_not_measured
12.533333333333333,5.310268980821454,24.441091445355184,5.329002325077496,24.430302574790836,-569.1679943915398,259.5775395193805,-568.4414181151504,260.3782784468142,0.018733344256041562,-0.010788870564347519,0.001898749718681655,interpolated_not_measured
12.566666666666666,5.32737227499761,24.501908201125328,5.345837192189935,24.491308421760706,-571.9626101399596,261.0615728704233,-571.2462129244057,261.8530948928859,0.01846491719232457,-0.010599779364621753,0.0018747529156253218,interpolated_not_measured
12.6,5.344490014887161,24.562686690135287,5.362684731193955,24.55228401194529,-574.7620039185206,262.5500675084596,-574.0562626770435,263.3323171735929,0.0181947163067937,-0.010402678189997516,0.0018501257707959017,interpolated_not_measured
12.633333333333333,5.361622332848804,24.62342733520986,5.379545002051079,24.613229488903272,-577.5661796922572,264.04303582348183,-576.8715614443249,264.81595136273165,0.017922669202274477,-0.010197846306589042,0.0018248744981442708,interpolated_not_measured
12.666666666666668,5.378769361241234,24.68413055917389,5.396418064426267,24.67414499413472,-580.375141620915,265.54049032112596,-579.6921032655173,266.3040035412431,0.01764870318503231,-0.009985565039169586,0.0017990059356718722,interpolated_not_measured
12.7,5.395931232423144,24.744796784852195,5.413303977683674,24.735030667108134,-583.1888940585919,267.0424436226955,-582.5178821479739,267.79647979676827,0.017372745260530564,-0.009766117744060665,0.0017725275255136036,interpolated_not_measured
12.733333333333334,5.413108078753229,24.805426435069602,5.430202800882577,24.7958866452872,-586.0074415533862,268.54890846518833,-585.3488920672191,269.29338622321086,0.017094722129347595,-0.009539789782401442,0.0017454472953388471,interpolated_not_measured
12.766666666666666,5.430300032590184,24.86601993265094,5.447114592773406,24.85671306415711,-588.8307888470449,270.0598977013251,-588.1851269670337,270.7947289203031,0.016814560183222582,-0.009306868493830223,0.001717773841175933,interpolated_not_measured
12.8,5.447507226292704,24.92657770042104,5.464039411793953,24.91751005725055,-591.6589408746162,271.57542429958033,-591.0265807595447,272.3005139931784,0.016532185501249685,-0.009067643170489248,0.0016895163117986406,interpolated_not_measured
12.833333333333332,5.464729792219482,24.98710016120471,5.480977316065687,24.978277756173323,-594.4919027641054,273.0955013442152,-593.8732473253164,273.8107475519482,0.016247523846204537,-0.008822405031388314,0.001660684394851945,interpolated_not_measured
12.866666666666667,5.481967862729215,25.047587737826806,5.497928363390218,25.039016290629636,-597.3296798361358,274.62014203531385,-596.7251205134456,275.3254357112848,0.015960500661003074,-0.008571447197169846,0.0016312883049305435,interpolated_not_measured
12.899999999999999,5.499221570180598,25.108040853112133,5.514892611245874,25.09972578844698,-600.1722776036082,276.1493596888198,-599.5821941416561,276.84458459000757,0.015671041065275837,-0.008315064665151084,0.0016013387738781344,interpolated_not_measured
12.933333333333334,5.516491046932323,25.168459929885522,5.531870116784429,25.160406375600814,-603.0197017713685,277.6831677365768,-602.4444619964015,278.36820031067714,0.015379069852105687,-0.008053554284707332,0.0015708470436405653,interpolated_not_measured
12.966666666666667,5.5337764253430874,25.228845390971795,5.5488609368279285,25.221058176238685,-605.8719582358759,279.22157972637063,-605.3119178329614,279.896288999191,0.015084511484841023,-0.007787214733109948,0.001539824862086487,interpolated_not_measured
13.0,5.551077837771583,25.289197659195793,5.565865127865647,25.28168131270427,-608.729053084875,280.7646093219735,-608.1845553755493,281.42885678438654,0.014787290094063543,-0.007516346491524217,0.0015082844822898107,interpolated_not_measured
13.033333333333333,5.568395416576507,25.34951715738233,5.582882746051175,25.342275905560886,-611.5909925970708,282.3122703031906,-611.062368317416,282.9659097976486,0.01448732947466791,-0.0072412518214441945,0.001476238665909257,interpolated_not_measured
13.066666666666666,5.585729294116554,25.409804308356232,5.599913847199603,25.40284207361484,-614.4577832418071,283.86457656590886,-613.9453503209583,284.5074541725208,0.01418455308304889,-0.006962234741394013,0.001443700691422139,interpolated_not_measured
13.1,5.603079602750417,25.47005953494233,5.616958486784825,25.46337993393831,-617.3294316787488,285.42154212214825,-616.8334950178281,286.0534960443224,0.0138788840344084,-0.006679601004019986,0.001410684368168486,interpolated_not_measured
13.133333333333333,5.6204464748367915,25.530283259965454,5.634016719936962,25.523889601892076,-620.2059447575671,286.9831811001152,-619.7267960090452,287.6040415497703,0.013570245100170908,-0.006393658073378106,0.0013772040573772767,interpolated_not_measured
13.166666666666668,5.6378300427343735,25.590475906250425,5.651088601439891,25.5843711911478,-623.0873295176252,288.5495077442576,-622.6252468651096,289.1590968266049,0.013258558705517842,-0.006104715102626557,0.0013432747016353603,interpolated_not_measured
13.2,5.655230438801856,25.650637896622065,5.668174185728847,25.644824813710095,-625.973593187673,290.12053641532304,-625.5288411261181,290.7186680132203,0.012943746926991295,-0.0058130829119704686,0.0013089118646201188,interpolated_not_measured
13.233333333333334,5.672647795397934,25.710769653905217,5.685273526888198,25.705250579938287,-628.8647431855403,291.69628159041906,-628.4375723018818,292.2827612483013,0.012625731490264691,-0.005519073966929966,0.0012741317833737987,interpolated_not_measured
13.266666666666666,5.690082244881301,25.770871600924682,5.702386678649246,25.76564859856783,-631.7607871178328,293.2767578630746,-631.3514338720438,293.8513826704616,0.012304433767944545,-0.005223002356853357,0.0012389514359754771,interpolated_not_measured
13.3,5.707533919610655,25.830944160505314,5.719513694388186,25.826018976731508,-634.6617327796374,294.8619799433057,-634.270419286202,295.42453841789006,0.011979774777531205,-0.004925183773806907,0.001203388628233188,interpolated_not_measured
13.333333333333332,5.725002951944688,25.89098775547192,5.7366546271241114,25.886361819980298,-637.5675881542215,296.451962657681,-637.1945219640293,297.00223462799784,0.011651675179423115,-0.004625935491620936,0.001167462103967189,interpolated_not_measured
13.366666666666667,5.742489474242096,25.951002808649335,5.753809529517172,25.946677232303987,-640.4783614127443,298.0467209493918,-640.1237352953995,298.5844774370738,0.011320055275075624,-0.004325576345348026,0.0011311916847464465,interpolated_not_measured
13.399999999999999,5.7599936188615715,26.010989742862378,5.770978453866755,26.00696531615146,-643.3940609139657,299.6462698783222,-643.0580526405108,300.17127297994017,0.010984835005183768,-0.004024426710916629,0.001094598446573048,interpolated_not_measured
13.433333333333334,5.777515518161813,26.070948980935892,5.788161452109825,26.06722617245082,-646.3146952039616,301.2506246211241,-645.997467330015,301.76262738961634,0.01064593394801161,-0.0037228084850724485,0.0010577049432105852,interpolated_not_measured
13.466666666666667,5.795055304501512,26.13088094569468,5.805358575819296,26.127459900629102,-649.2402730158383,302.8598004712909,-648.9419726651431,303.3585467969839,0.010303271317784635,-0.0034210450655791647,0.001020535488747825,interpolated_not_measured
13.5,5.812613110239364,26.19078605996359,5.822569876202536,26.18766659863187,-652.1708032694565,304.4738128392375,-651.8915619178381,304.9590373304585,0.009956765963171854,-0.003119461331717588,0.0009831165158697335,interpolated_not_measured
13.533333333333333,5.830189067734065,26.25066474656743,5.839795404099915,26.247846362942415,-655.1062950711523,306.0926772523789,-654.846228330883,306.56410511566355,0.009606336365849621,-0.0028183836250157412,0.0009454770315280184,interpolated_not_measured
13.566666666666666,5.847783309344309,26.310517428331046,5.857035209983469,26.30799928860083,-658.0467577134658,307.71640935521367,-657.8059651180357,308.1737562751102,0.009251900639159594,-0.002518139730216973,0.0009076491987827819,interpolated_not_measured
13.6,5.865395967428789,26.37034452807925,5.874289343955617,26.368125469222704,-660.9922006748693,309.34502490940775,-660.7707654641605,309.78799692787925,0.008893376526827979,-0.0022190588565464964,0.0008696690832317614,interpolated_not_measured
13.633333333333333,5.8830271743462,26.43014646863687,5.8915578557479815,26.428224997017676,-663.9426336195022,310.9785397938819,-663.7406225253642,311.40683318930934,0.008530681401781592,-0.001921471619194648,0.0008315776156842923,interpolated_not_measured
13.666666666666668,5.900677062455241,26.48992367282874,5.90884079472027,26.48829796280768,-666.8980663969071,312.6169700049013,-666.7155294291309,313.0302711706876,0.008163732265028756,-0.0016257100210630426,0.0007934218409656588,interpolated_not_measured
13.7,5.9183457641146,26.54967656347968,5.926138209859224,26.54834445604496,-669.8585090417689,314.26033165616525,-669.6954792744596,314.65831697894464,0.007792445744624565,-0.001332107434720342,0.0007552565479532991,interpolated_not_measured
13.733333333333334,5.936033411682978,26.60940556341452,5.943450149777676,26.60836456482988,-672.8239717736589,315.908640978903,-672.6804651320023,316.2909767163543,0.0074167380946983386,-0.001040998584638686,0.0007171464108003953,interpolated_not_measured
13.766666666666666,5.953740137519065,26.669111095458074,5.960776662713626,26.66835837592845,-675.7944649967794,317.56191432196755,-675.6704800442017,317.9282564802355,0.007036525194560994,-0.0007527195296255229,0.00067916881935298,interpolated_not_measured
13.8,5.971466073981558,26.728793582435188,5.978117796529447,26.72832597478967,-678.7699992997158,319.2201681519354,-678.665517025434,319.5701623626608,0.0066517225478888165,-0.000467607645518342,0.0006414176422595922,interpolated_not_measured
13.833333333333332,5.989211353429149,26.78845344717068,5.995473598711103,26.788267445562578,-681.750585455186,320.8834190532057,-681.6655690621459,321.21670045016515,0.006262245281954293,-0.00018600160810322564,0.0006040082536154941,interpolated_not_measured
13.866666666666667,6.006976108220539,26.848091112489374,6.012844116367478,26.848182871113174,-684.7362344197985,322.55168372810374,-684.6706291129998,322.86787682346187,0.005868008146938664,9.175862379962041e-05,0.0005670842652764555,interpolated_not_measured
13.899999999999999,6.024760470714415,26.907707001216096,6.030229396229725,26.908072333041016,-687.7269573338108,324.2249789969845,-687.6806901090142,324.5236975571594,0.005468925515310197,0.00036533182491993443,0.0005308265359663105,interpolated_not_measured
13.933333333333334,6.042564573269479,26.967301536175675,6.047629484650743,26.967935911695694,-690.7227655208917,325.90332179834144,-690.6957449537092,326.184168719485,0.005064911381264636,0.0006343755200184376,0.0004954651453559281,interpolated_not_measured
13.966666666666667,6.060388548244419,27.026875140192946,6.065044427604638,27.027773686192997,-693.7236704878874,327.5867291889142,-693.7157865232484,327.8492963720082,0.00465587936021894,0.000898546000051681,0.00046129504024413134,interpolated_not_measured
14.0,6.078232527997933,27.08642823609272,6.082474270686312,27.087585734430945,-696.7296839245887,329.2752183438009,-696.740807666586,329.5190865693716,0.004241742688378736,0.001157498338226759,0.0004286957710186358,interpolated_not_measured
14.033333333333333,6.096096644888716,27.145961246699827,6.099919059111066,27.147372133105584,-699.7408177035055,330.96880655657185,-699.7708012056111,331.1935453590228,0.00382241422235019,0.0014108864057575943,0.0003981546908990633,interpolated_not_measured
14.066666666666666,6.11398103127546,27.205474594839103,6.117378837714292,27.20713295772654,-702.7570838796397,332.6675112393854,-702.805759935295,332.87267878095076,0.0033978064388318074,0.001658362887436482,0.0003702903680324015,interpolated_not_measured
14.1,6.131885819516864,27.264968703335366,6.1348536509511895,27.266868282632437,-705.778494690265,334.37134992310644,-705.8456766238378,334.5564928674256,0.002967831434325774,0.0018995792970706304,0.00034586764863192847,interpolated_not_measured
14.133333333333333,6.149811141971621,27.324443995013446,6.15234354289657,27.326578181006084,-708.8050625547081,336.0803402574265,-708.8905440128167,336.24499364274214,0.0025324009249487744,0.002134185992638038,0.0003257874207268199,interpolated_not_measured
14.166666666666666,6.167757130998424,27.38390089269816,6.169848557244686,27.386262724889406,-711.8368000741333,337.7945000109864,-711.9403548173327,337.93818712296564,0.002091426246262351,0.0023618321912444173,0.00031102617583252183,interpolated_not_measured
14.2,6.185723918955968,27.44333981921435,6.187368737309136,27.445921985198304,-714.873720031332,339.5138470715019,-714.9951017261612,339.63607931568293,0.0016448183531680982,0.0025821659839522226,0.0003025049141132933,interpolated_not_measured
14.233333333333333,6.203711638202949,27.502761197386835,6.204904126022801,27.505556031737214,-717.9158353905124,341.23839944589037,-718.0547774019007,341.33867621975514,0.0011924878198517064,0.00279483435037875,0.0003009005615367221,interpolated_not_measured
14.266666666666666,6.221720421098061,27.562165450040442,6.2224547659378455,27.565164933213534,-720.9631592970944,342.9681752604001,-721.1193744811225,343.04598382507464,0.0007343448397847396,0.0029994831730917326,0.0003064705544223861,interpolated_not_measured
14.3,6.2397504,27.621553,6.240020699225757,27.624748757251844,-724.0157050775088,344.7031927607424,-724.1888855745214,344.758008112325,0.0002702992257566095,0.003195757251845066,0.0003189882329121956,interpolated_not_measured
14.333333333333334,6.257792377168035,27.68091660052202,6.25760196767743,27.684307570407924,-727.0731784093132,346.44285779154166,-727.263303267065,346.4747550527436,-0.00019040949060489254,0.003390969885902706,0.0003385393192651178,interpolated_not_measured
14.366666666666667,6.275837458389392,27.740249066862333,6.275198612703315,27.743841438182663,-730.1352824874331,348.186588397732,-730.3426201181478,348.1962306078892,-0.000638845686077083,0.003592371320330301,0.00036449359432571665,interpolated_not_measured
14.4,6.293886231314703,27.79955091484473,6.292810675333588,27.80335042503569,-733.2020271743115,349.9344214793466,-733.4268286617397,349.9224407294105,-0.0010755559811146398,0.0037995101909586992,0.0003953281391499571,interpolated_not_measured
14.433333333333334,6.311939283594601,27.858822660293,6.310438196218386,27.862834594398908,-736.2734224978701,351.68639428839765,-736.5159214065407,351.65339135881976,-0.0015010873762149046,0.0040119341059075,0.00042977151173744134,interpolated_not_measured
14.466666666666667,6.329997202879713,27.91806481903093,6.328081215628053,27.92229400868981,-739.3494786511476,353.4425444285606,-739.6098908361303,353.38908842726744,-0.0019159872516594234,0.0042291896588793065,0.00046683831842405103,interpolated_not_measured
14.5,6.348060576820669,27.977277906882325,6.345739773453479,27.981728729324647,-742.4302059919411,355.2029098548711,-742.708729409123,355.1295378553226,-0.002320803367189761,0.004450822442322533,0.0005057940727465058,interpolated_not_measured
14.533333333333333,6.366129993068102,28.036462439670956,6.3634139092064155,28.041138816731397,-745.515615042439,356.96752887343314,-745.8124295593186,356.874745552753,-0.0027160838616868688,0.004676377060441439,0.000546100982970991,interpolated_not_measured
14.566666666666666,6.3842060392726445,28.095618933220628,6.381103662019889,28.100524330362624,-748.60571648886,358.73644014113995,-748.9209836958581,358.6247174183119,-0.003102377252755417,0.004905397141996559,0.0005873674964142178,interpolated_not_measured
14.6,6.402289303084922,28.154747903355123,6.398809070648615,28.1598853287081,-751.7005211810841,360.5096826654063,-752.0343842033745,360.3794593395245,-0.00348023243630724,0.005137425352977232,0.0006293082636126457,interpolated_not_measured
14.633333333333333,6.420380372155568,28.213849865898236,6.416530173469463,28.219221869307308,-754.8000401322855,362.2872958039141,-755.1526234421477,362.13897719247933,-0.003850198686105699,0.005372003409071624,0.0006717144693655164,interpolated_not_measured
14.666666666666666,6.4384798341352125,28.272925336673755,6.434267008481953,28.278534008761806,-757.9042845185629,364.06931926436897,-758.2756937482588,363.903276841622,-0.004212825653259422,0.005608672088051492,0.0007144324983053055,interpolated_not_measured
14.7,6.456588276674486,28.331974831505473,6.4520196133088,28.33782180274739,-761.0132656785692,365.85579310426965,-761.4035874337437,365.6723641395518,-0.004568663365685843,0.005846971241915355,0.0007573487648602415,interpolated_not_measured
14.733333333333333,6.474706287424019,28.390998866217174,6.469788025196476,28.397085306026085,-764.1269951131368,367.64675773068905,-764.5362967867468,367.4462449268208,-0.004918262227542769,0.006086439808910882,0.0008003789406995921,interpolated_not_measured
14.766666666666666,6.492834454034443,28.449997956632654,6.48757228101581,28.456324572458065,-767.2454844849054,369.442253900068,-767.673814071676,369.224925031736,-0.005262173018633298,0.006326615825411608,0.0008434602754532816,interpolated_not_measured
14.8,6.5109733641563885,28.50897261857571,6.505372417262628,28.51553965501335,-770.3687456179456,371.24232271802055,-770.8161315293574,371.00841027016503,-0.005600946893760117,0.006567036437637341,0.0008865460879730261,interpolated_not_measured
14.833333333333334,6.529123605440485,28.56792336787011,6.523188470058415,28.574730605783348,-773.496790497379,373.04700563915117,-773.9632413771884,372.79670644534247,-0.0059351353820700226,0.006807237913236008,0.000929601786731936,interpolated_not_measured
14.866666666666667,6.547285765537363,28.62685072033967,6.541020475151021,28.633897475992324,-776.6296312690038,374.85634446688584,-777.1151358092945,374.5898193476819,-0.006265290386341604,0.007046755652652337,0.000972601975774241,interpolated_not_measured
14.9,6.565460432097652,28.685755191808166,6.558868467915382,28.693040316008645,-779.7672802389093,376.6703813533126,-780.2718069966829,376.38775475458783,-0.006591964182269372,0.007285124200478776,0.0010155283388997756,interpolated_not_measured
14.933333333333334,6.583648192771986,28.74463729809939,6.576732483354275,28.752159175355935,-782.9097498730968,378.48915879903655,-783.4332470873973,378.19051843027205,-0.006915709417711469,0.007521877256543519,0.001058368087925536,interpolated_not_measured
14.966666666666667,6.601849635210993,28.803497555037133,6.5946125560991025,28.811254102724035,-786.0570527970946,380.31271965304524,-786.5994482066727,379.9981161255714,-0.00723707911189031,0.007756547686902593,0.0011011128246320057,interpolated_not_measured
15.0,6.620065347065303,28.862336478445187,6.6125087204107045,28.870325145979884,-789.2092017955729,382.1411071125876,-789.7704024570908,381.81055357776887,-0.007556626654598553,0.007988667534696958,0.0011437577097848843,interpolated_not_measured
15.033333333333333,6.638295915985549,28.92115458414734,6.630421010180209,28.929372352178223,-792.3662098119564,383.97436472306407,-792.9461019187346,383.62783651041786,-0.007874905805340227,0.0082177680308817,0.0011863008629297807,interpolated_not_measured
15.066666666666666,6.65654192962236,28.979952387967387,6.648349458929871,28.988395767572165,-795.5280899480362,385.8125363779291,-796.1265386493426,385.4499706331667,-0.008192470692489628,0.00844337960477759,0.001228742937791519,interpolated_not_measured
15.1,6.674803975626367,29.038730405729112,6.6662940998139915,29.047395437623667,-798.6948554635788,387.6556663186059,-799.3117046844653,387.276961641589,-0.008509875812375611,0.008665031894555142,0.0012710868329897957,interpolated_not_measured
15.133333333333333,6.6930826416482,29.09748915325631,6.684254965619809,29.106371407013818,-801.866519775936,389.50379913441316,-802.5015920376184,389.1088152170131,-0.00882767602839074,0.008882253757509062,0.0013133375083324854,interpolated_not_measured
15.166666666666666,6.711378515338491,29.156229146372777,6.702232088768442,29.165323719653017,-805.0430964596502,391.3569797625043,-805.6961927004376,390.9455370263556,-0.009146426570048938,0.009094573280240326,0.0013555018845281615,interpolated_not_measured
15.2,6.7296921843478685,29.21495090090228,6.720225501315859,29.22425241869106,-808.2245992460582,393.2152534878176,-808.8954986428342,392.78713272195864,-0.009466683032009371,0.009301517788777858,0.0013975888096143764,interpolated_not_measured
15.233333333333333,6.748024236326964,29.273654932668638,6.738235234953845,29.28315754652703,-811.4110420228988,395.07866594304073,-812.0995018131495,394.633607941426,-0.009789001373119,0.009502613858391129,0.0014396090793696442,interpolated_not_measured
15.266666666666666,6.766375258926408,29.332341757495623,6.756261321011026,29.342039144819143,-814.60243883391,396.9472631085847,-815.3081941383093,396.48496830746603,-0.010113937915382287,0.00969738732351999,0.0014815755019088224,interpolated_not_measured
15.3,6.784745839796833,29.39101189120704,6.774303790453873,29.400897254494367,-817.7988038784332,398.82109131257243,-818.5215675239767,398.3412194277321,-0.010442049342960225,0.00988536328732792,0.0015235029987699655,interpolated_not_measured
15.333333333333334,6.803136566588867,29.449665849626665,6.792362673887763,29.459731915758045,-821.0001515110085,400.7001972308371,-821.7396138547095,400.20236689467,-0.010773892701103627,0.010066066131379614,0.0015654087364166721,interpolated_not_measured
15.366666666666667,6.82154802695314,29.50830414857829,6.810438001558032,29.518543168103285,-824.2064962409745,402.5846278869348,-824.9623249941113,402.0684162853637,-0.011110025395107748,0.010239019524995285,0.0016073122831927193,interpolated_not_measured
15.4,6.839980808540285,29.56692730388571,6.828529803351076,29.577331050320293,-827.417852732063,404.474430652168,-828.1896927849871,403.9393731613866,-0.011451005189209162,0.010403746434583638,0.0016492357876538102,interpolated_not_measured
15.433333333333334,6.85843549900093,29.625535831372723,6.846638108795427,29.636095600505584,-830.634235801993,406.36965324562146,-831.4217090494967,405.8152430686521,-0.011797390205503078,0.010559769132861163,0.0016912041747826924,interpolated_not_measured
15.466666666666667,6.876912685985709,29.684130246863102,6.864762947062899,29.694836856071063,-833.8556604220618,408.2703437342099,-834.6583655893087,407.69603153726877,-0.012149738922810016,0.010706609207961293,0.0017332453570216128,interpolated_not_measured
15.5,6.895412957145251,29.742711066180654,6.882904346969715,29.753554853752995,-837.0821417167385,410.17655053273904,-837.8996541857537,409.5817440813967,-0.012508610175536283,0.010843787572341057,0.0017753904573366086,interpolated_not_measured
15.533333333333333,6.913936900130184,29.80127880514916,6.901062336977656,29.812249629620855,-840.3136949632508,412.0883224039767,-841.1455665999773,411.47238619910513,-0.012874563152528218,0.01097082447169484,0.0018176740417026438,interpolated_not_measured
15.566666666666666,6.9324851025911425,29.859833979592402,6.919236945195235,29.8709212190861,-843.550335591173,414.00570845873824,-844.3960945730935,413.36796337223365,-0.01324815739590779,0.01108723949369761,0.0018601343584552803,interpolated_not_measured
15.6,6.951058152178754,29.91837710533419,6.937428199378886,29.929569656910793,-846.7920791820144,415.92875815598285,-847.6512298263378,415.2684810662552,-0.01362995279986734,0.011192551576602483,0.001902813581971465,interpolated_not_measured
15.633333333333333,6.96965663654365,29.976908698198304,6.955636126934169,29.98819497721615,-850.0389414688002,417.8575213029218,-850.9109640612202,417.1739447301409,-0.014020509609481202,0.011286279017845402,0.0019457580580853526,interpolated_not_measured
15.666666666666666,6.9882811433364616,30.035429274008536,6.97386075491696,30.046797213490937,-853.290938335657,419.7920480551396,-854.1752889596758,419.08435979622544,-0.014420388419501329,0.011367939482401113,0.0019890185485315942,interpolated_not_measured
15.7,7.006932260207821,30.093939348588677,6.992102110034718,30.105376398599827,-856.5480858173928,421.7323889167271,-857.4441961842197,420.9997316800785,-0.014830150173102297,0.011437050011149807,0.0020326504715922084,interpolated_not_measured
15.733333333333333,7.025610574808354,30.15243943776251,7.010360218647694,30.163932564791594,-859.810400099077,423.6785947404255,-860.7176773780967,422.9200657803734,-0.015250356160660061,0.011493127029083894,0.0020767141359521553,interpolated_not_measured
15.766666666666666,7.044316674788695,30.21093005735384,7.028635106770204,30.222465743707215,-863.0778975156194,425.6307167277853,-863.9957241654336,424.84536747876075,-0.01568156801849163,0.011535686353376207,0.002121274964611593,interpolated_not_measured
15.8,7.063051147799476,30.26941172318644,7.046926800071899,30.28097596638794,-866.3505945513452,427.58880642933383,-867.2783281513924,426.7756421397445,-0.016124347727576982,0.011564243201497959,0.002166403705538548,interpolated_not_measured
15.833333333333334,7.081814581491323,30.327884951084112,7.065235323879026,30.33946326328311,-869.6285078395711,429.55291574475746,-870.5654809223175,428.7108951105557,-0.01657925761229695,0.011578312198999186,0.002212176625584237,interpolated_not_measured
15.866666666666667,7.100607563514869,30.386350256870642,7.083560703175747,30.39792766425809,-872.9116541621779,431.5230969230953,-873.8571740458917,430.6511317210351,-0.017046860339121395,0.011577407387449057,0.0022586756840841174,interpolated_not_measured
15.9,7.119430681520744,30.444808156369824,7.10190296260542,30.456369198601887,-876.2000504491837,433.4994025629447,-877.1533990712823,432.59635728351043,-0.01752771891532401,0.011561042232063556,0.0023059886824604646,interpolated_not_measured
15.933333333333334,7.138284523159579,30.503259165405446,7.120262126471925,30.514787895034836,-879.4937137783118,435.4818856126786,-880.454147529294,434.546577092681,-0.018022396687654485,0.01152872962939,0.00235420938614995,interpolated_not_measured
15.966666666666667,7.157169676082005,30.5617037998013,7.138638218740976,30.573183781716075,-882.7926613745615,437.4705993706761,-883.7594109325177,436.5017964255003,-0.018531457341029345,0.01147998191477484,0.0024034376152017745,interpolated_not_measured
16.0,7.176086727938651,30.62014257538117,7.157031263041467,30.631556886251044,-886.0969106097733,439.4655974855641,-887.0691807754808,438.4620205410637,-0.01905546489718457,0.0114143108698741,0.002453779300048566,interpolated_not_measured
